Handle,Title,Option1 Name,Option1 Value,Option2 Name,Option2 Value,Option3 Name,Option3 Value,SKU,HS Code,COO,Shop location,My Custom Location,Snow City Warehouse
converse-chuck-taylor-all-star-ii-hi,CONVERSE | CHUCK TAYLOR ALL STAR II HI,Size,6,Color,black,,,C-02-6-black,,,52,not stocked,not stocked
converse-chuck-taylor-all-star-ii-hi,CONVERSE | CHUCK TAYLOR ALL STAR II HI,Size,7,Color,black,,,C-02-7-black,,,52,not stocked,not stocked
converse-chuck-taylor-all-star-ii-hi,CONVERSE | CHUCK TAYLOR ALL STAR II HI,Size,9,Color,black,,,C-02-9-black,,,52,not stocked,not stocked
converse-chuck-taylor-all-star-ii-hi,CONVERSE | CHUCK TAYLOR ALL STAR II HI,Size,11,Color,black,,,C-02-11-black,,,52,not stocked,not stocked
converse-chuck-taylor-all-star-ii-hi,CONVERSE | CHUCK TAYLOR ALL STAR II HI,Size,13,Color,black,,,C-02-13-black,,,52,not stocked,not stocked
converse-toddler-chuck-taylor-all-star-axel-mid,CONVERSE | TODDLER CHUCK TAYLOR ALL STAR AXEL MID,Size,5,Color,black,,,C-03-5-black,,,36,not stocked,not stocked
converse-toddler-chuck-taylor-all-star-axel-mid,CONVERSE | TODDLER CHUCK TAYLOR ALL STAR AXEL MID,Size,6,Color,black,,,C-03-6-black,,,36,not stocked,not stocked
converse-toddler-chuck-taylor-all-star-axel-mid,CONVERSE | TODDLER CHUCK TAYLOR ALL STAR AXEL MID,Size,7,Color,black,,,C-03-7-black,,,36,not stocked,not stocked
converse-toddler-chuck-taylor-all-star-axel-mid,CONVERSE | TODDLER CHUCK TAYLOR ALL STAR AXEL MID,Size,8,Color,black,,,C-03-8-black,,,36,not stocked,not stocked
converse-toddler-chuck-taylor-all-star-axel-mid,CONVERSE | TODDLER CHUCK TAYLOR ALL STAR AXEL MID,Size,9,Color,black,,,C-03-9-black,,,36,not stocked,not stocked
nike-toddler-roshe-one,NIKE | TODDLER ROSHE ONE,Size,4,Color,black,,,NK-02-4-black,,,20,not stocked,not stocked
nike-toddler-roshe-one,NIKE | TODDLER ROSHE ONE,Size,7,Color,black,,,NK-02-7-black,,,20,not stocked,not stocked
adidas-kids-stan-smith,ADIDAS | KID'S STAN SMITH,Size,1,Color,white,,,AD-02-1-white,,,30,not stocked,not stocked
adidas-kids-stan-smith,ADIDAS | KID'S STAN SMITH,Size,2,Color,white,,,AD-02-2-white,,,30,not stocked,not stocked
vans-apparel-and-accessories-classic-super-no-show-socks-3-pack-white,VANS APPAREL AND ACCESSORIES | CLASSIC SUPER NO SHOW SOCKS 3 PACK WHITE,Size,9.5-13,Color,white,,,VN-10-9.5-13-white,,,21,not stocked,not stocked
herschel-iona,HERSCHEL | IONA,Size,OS,Color,black,,,H-01-OS-black,,,20,not stocked,not stocked
flex-fit-mini-ottoman-black,FLEX FIT | MINI OTTOMAN BLACK,Size,s,Color,black,,,FF-01-s-black,,,5,not stocked,not stocked
flex-fit-mini-ottoman-black,FLEX FIT | MINI OTTOMAN BLACK,Size,m,Color,black,,,FF-01-m-black,,,5,not stocked,not stocked
flex-fit-mini-ottoman-black,FLEX FIT | MINI OTTOMAN BLACK,Size,l,Color,black,,,FF-01-l-black,,,5,not stocked,not stocked
flex-fit-mini-ottoman-black,FLEX FIT | MINI OTTOMAN BLACK,Size,xl,Color,black,,,FF-01-xl-black,,,5,not stocked,not stocked
nike-swoosh-pro-flat-peak-cap,NIKE | SWOOSH PRO FLAT PEAK CAP,Size,OS,Color,white,,,NK-03-OS-white,,,40,not stocked,not stocked
adidas-classic-backpack,ADIDAS | CLASSIC BACKPACK,Size,OS,Color,black,,,AD-03-OS-black,,,30,not stocked,not stocked
adidas-classic-backpack-legend-ink-multicolour,ADIDAS | CLASSIC BACKPACK | LEGEND INK MULTICOLOUR,Size,OS,Color,blue,,,"AD-04
-OS-blue",,,30,not stocked,not stocked
mint-limeade,Mint Limeade,Title,Default Title,,,,,"",,,5000,0,not stocked
raspberry-yuzu-1,Raspberry Yuzu,Title,Default Title,,,,,"",,,5000,0,not stocked
mango-key-lime,Mango Lime,Title,Default Title,,,,,"",,,5000,0,not stocked
peach-passion,Peach Passion,Title,Default Title,,,,,"",,,5000,0,not stocked
lemon-original,Lemon Original,Title,Default Title,,,,,"",,,5000,0,not stocked
xx,xx,Title,Default Title,,,,,"",,,0,0,not stocked
bubdle-products,bubdle products,Title,Default Title,,,,,"",,,0,not stocked,not stocked
dsewfcfvcfdgbvfdgvb-fg,dsewfcfvcfdgbvfdgvb fg,Title,Default Title,,,,,"",,,0,0,not stocked
gfh-t,gfh t,Title,Default Title,,,,,"",,,0,0,not stocked
short-tom,short tom,Title,Default Title,,,,,"",,,0,0,not stocked
pop,pop,Title,Default Title,,,,,"",,,0,0,not stocked
pop-1,pop,Title,Default Title,,,,,"",,,0,0,not stocked
top,top,Size,L,Color,Red,,,"",,,0,0,not stocked
top,top,Size,L,Color,Black,,,"",,,0,0,not stocked
top,top,Size,L,Color,green,,,"",,,0,0,not stocked
top,top,Size,M,Color,Red,,,"",,,0,0,not stocked
top,top,Size,M,Color,Black,,,"",,,0,0,not stocked
top,top,Size,M,Color,green,,,"",,,0,0,not stocked
top,top,Size,S,Color,Red,,,"",,,0,0,not stocked
top,top,Size,S,Color,Black,,,"",,,0,0,not stocked
top,top,Size,S,Color,green,,,"",,,0,0,not stocked
top,top,Size,XL,Color,Red,,,"",,,0,0,not stocked
top,top,Size,XL,Color,Black,,,"",,,0,0,not stocked
top,top,Size,XL,Color,green,,,"",,,0,0,not stocked
top,top,Size,XXL,Color,Red,,,"",,,0,0,not stocked
top,top,Size,XXL,Color,Black,,,"",,,0,0,not stocked
top,top,Size,XXL,Color,green,,,"",,,0,0,not stocked
timberland-mens-6-inch-premium-boot,TIMBERLAND | MENS 6 INCH PREMIUM BOOT,Size,8,Color,yellow,,,TM-01-8-yellow,,,50,not stocked,not stocked
timberland-mens-6-inch-premium-boot,TIMBERLAND | MENS 6 INCH PREMIUM BOOT,Size,9,Color,yellow,,,TM-01-9-yellow,,,50,not stocked,not stocked
timberland-mens-6-inch-premium-boot,TIMBERLAND | MENS 6 INCH PREMIUM BOOT,Size,10,Color,yellow,,,TM-01-10-yellow,,,50,not stocked,not stocked
timberland-mens-6-inch-premium-boot,TIMBERLAND | MENS 6 INCH PREMIUM BOOT,Size,11,Color,yellow,,,TM-01-11-yellow,,,50,not stocked,not stocked
timberland-mens-6-inch-premium-boot,TIMBERLAND | MENS 6 INCH PREMIUM BOOT,Size,12,Color,yellow,,,TM-01-12-yellow,,,50,not stocked,not stocked
timberland-mens-6-inch-premium-boot,TIMBERLAND | MENS 6 INCH PREMIUM BOOT,Size,13,Color,yellow,,,TM-01-13-yellow,,,50,not stocked,not stocked
timberland-mens-6-inch-premium-boot,TIMBERLAND | MENS 6 INCH PREMIUM BOOT,Size,14,Color,yellow,,,TM-01-14-yellow,,,50,not stocked,not stocked
timberland-mens-6-inch-premium-boot,TIMBERLAND | MENS 6 INCH PREMIUM BOOT,Size,15,Color,yellow,,,TM-01-15-yellow,,,50,not stocked,not stocked
nike-crackle-print-tb-tee,NIKE | CRACKLE PRINT TB TEE,Size,s,Color,blue,,,NK-01-s-blue,,,50,not stocked,not stocked
nike-crackle-print-tb-tee,NIKE | CRACKLE PRINT TB TEE,Size,m,Color,blue,,,NK-01-m-blue,,,50,not stocked,not stocked
nike-crackle-print-tb-tee,NIKE | CRACKLE PRINT TB TEE,Size,l,Color,blue,,,NK-01-l-blue,,,50,not stocked,not stocked
nike-crackle-print-tb-tee,NIKE | CRACKLE PRINT TB TEE,Size,xl,Color,blue,,,NK-01-xl-blue,,,50,not stocked,not stocked
dr-martens-1461-dmc-3-eye-shoe-black-smooth,DR MARTENS | 1461 DMC 3-EYE SHOE | BLACK SMOOTH,Size,5,Color,black,,,DM-01-5-black,,,40,not stocked,not stocked
dr-martens-1461-dmc-3-eye-shoe-black-smooth,DR MARTENS | 1461 DMC 3-EYE SHOE | BLACK SMOOTH,Size,6,Color,black,,,DM-01-6-black,,,40,not stocked,not stocked
dr-martens-1461-dmc-3-eye-shoe-black-smooth,DR MARTENS | 1461 DMC 3-EYE SHOE | BLACK SMOOTH,Size,7,Color,black,,,DM-01-7-black,,,40,not stocked,not stocked
dr-martens-1461-dmc-3-eye-shoe-black-smooth,DR MARTENS | 1461 DMC 3-EYE SHOE | BLACK SMOOTH,Size,8,Color,black,,,DM-01-8-black,,,40,not stocked,not stocked
dr-martens-1461-dmc-3-eye-shoe-black-smooth,DR MARTENS | 1461 DMC 3-EYE SHOE | BLACK SMOOTH,Size,9,Color,black,,,DM-01-9-black,,,40,not stocked,not stocked
dr-martens-1461-dmc-3-eye-shoe-black-smooth,DR MARTENS | 1461 DMC 3-EYE SHOE | BLACK SMOOTH,Size,10,Color,black,,,DM-01-10-black,,,40,not stocked,not stocked
dr-martens-1461-dmc-3-eye-shoe-black-smooth,DR MARTENS | 1461 DMC 3-EYE SHOE | BLACK SMOOTH,Size,11,Color,black,,,DM-01-11-black,,,40,not stocked,not stocked
dr-martens-1461-dmc-3-eye-shoe-black-smooth,DR MARTENS | 1461 DMC 3-EYE SHOE | BLACK SMOOTH,Size,12,Color,black,,,DM-01-12-black,,,40,not stocked,not stocked
dr-martens-cavendish-3-eye-shoe-black,DR MARTENS | CAVENDISH 3-EYE SHOE BLACK,Size,4,Color,black,,,DM-02-4-black,,,30,not stocked,not stocked
dr-martens-cavendish-3-eye-shoe-black,DR MARTENS | CAVENDISH 3-EYE SHOE BLACK,Size,5,Color,black,,,DM-02-5-black,,,30,not stocked,not stocked
dr-martens-cavendish-3-eye-shoe-black,DR MARTENS | CAVENDISH 3-EYE SHOE BLACK,Size,6,Color,black,,,DM-02-6-black,,,30,not stocked,not stocked
dr-martens-cavendish-3-eye-shoe-black,DR MARTENS | CAVENDISH 3-EYE SHOE BLACK,Size,7,Color,black,,,DM-02-7-black,,,30,not stocked,not stocked
dr-martens-cavendish-3-eye-shoe-black,DR MARTENS | CAVENDISH 3-EYE SHOE BLACK,Size,8,Color,black,,,DM-02-8-black,,,30,not stocked,not stocked
dr-martens-cavendish-3-eye-shoe-black,DR MARTENS | CAVENDISH 3-EYE SHOE BLACK,Size,9,Color,black,,,DM-02-9-black,,,30,not stocked,not stocked
dr-martens-1460z-dmc-8-eye-boot-cherry-smooth,DR MARTENS | 1460Z DMC 8-EYE BOOT | CHERRY SMOOTH,Size,3,Color,red,,,DM-03-3-red,,,21,not stocked,not stocked
dr-martens-1460z-dmc-8-eye-boot-cherry-smooth,DR MARTENS | 1460Z DMC 8-EYE BOOT | CHERRY SMOOTH,Size,4,Color,red,,,DM-03-4-red,,,21,not stocked,not stocked
dr-martens-1460z-dmc-8-eye-boot-cherry-smooth,DR MARTENS | 1460Z DMC 8-EYE BOOT | CHERRY SMOOTH,Size,5,Color,red,,,DM-03-5-red,,,21,not stocked,not stocked
dr-martens-1460z-dmc-8-eye-boot-cherry-smooth,DR MARTENS | 1460Z DMC 8-EYE BOOT | CHERRY SMOOTH,Size,6,Color,red,,,DM-03-6-red,,,21,not stocked,not stocked
dr-martens-1460z-dmc-8-eye-boot-cherry-smooth,DR MARTENS | 1460Z DMC 8-EYE BOOT | CHERRY SMOOTH,Size,7,Color,red,,,DM-03-7-red,,,21,not stocked,not stocked
dr-martens-1460z-dmc-8-eye-boot-cherry-smooth,DR MARTENS | 1460Z DMC 8-EYE BOOT | CHERRY SMOOTH,Size,8,Color,red,,,DM-03-8-red,,,21,not stocked,not stocked
dr-martens-1460z-dmc-8-eye-boot-cherry-smooth,DR MARTENS | 1460Z DMC 8-EYE BOOT | CHERRY SMOOTH,Size,10,Color,red,,,DM-03-10-red,,,21,not stocked,not stocked
dr-martens-1460z-dmc-8-eye-boot-cherry-smooth,DR MARTENS | 1460Z DMC 8-EYE BOOT | CHERRY SMOOTH,Size,11,Color,red,,,DM-03-11-red,,,21,not stocked,not stocked
dr-martens-1460z-dmc-8-eye-boot-cherry-smooth,DR MARTENS | 1460Z DMC 8-EYE BOOT | CHERRY SMOOTH,Size,12,Color,red,,,DM-03-12-red,,,21,not stocked,not stocked
dr-martens-1460z-dmc-8-eye-boot-cherry-smooth,DR MARTENS | 1460Z DMC 8-EYE BOOT | CHERRY SMOOTH,Size,13,Color,red,,,DM-03-13-red,,,21,not stocked,not stocked
dr-martens-1460z-dmc-8-eye-boot-cherry-smooth,DR MARTENS | 1460Z DMC 8-EYE BOOT | CHERRY SMOOTH,Size,15,Color,red,,,DM-03-15-red,,,21,not stocked,not stocked
converse-chuck-taylor-all-star-lo,CONVERSE | CHUCK TAYLOR ALL STAR LO,Size,3,Color,white,,,C-01-3-white,,,25,not stocked,not stocked
converse-chuck-taylor-all-star-lo,CONVERSE | CHUCK TAYLOR ALL STAR LO,Size,4,Color,white,,,C-01-4-white,,,25,not stocked,not stocked
converse-chuck-taylor-all-star-lo,CONVERSE | CHUCK TAYLOR ALL STAR LO,Size,5,Color,white,,,C-01-5-white,,,25,not stocked,not stocked
converse-chuck-taylor-all-star-lo,CONVERSE | CHUCK TAYLOR ALL STAR LO,Size,6,Color,white,,,C-01-6-white,,,25,not stocked,not stocked
converse-chuck-taylor-all-star-lo,CONVERSE | CHUCK TAYLOR ALL STAR LO,Size,7,Color,white,,,C-01-7-white,,,25,not stocked,not stocked
converse-chuck-taylor-all-star-lo,CONVERSE | CHUCK TAYLOR ALL STAR LO,Size,8,Color,white,,,C-01-8-white,,,25,not stocked,not stocked
converse-chuck-taylor-all-star-lo,CONVERSE | CHUCK TAYLOR ALL STAR LO,Size,9,Color,white,,,C-01-9-white,,,25,not stocked,not stocked
converse-chuck-taylor-all-star-lo,CONVERSE | CHUCK TAYLOR ALL STAR LO,Size,10,Color,white,,,C-01-10-white,,,25,not stocked,not stocked
converse-chuck-taylor-all-star-lo,CONVERSE | CHUCK TAYLOR ALL STAR LO,Size,11,Color,white,,,C-01-11-white,,,25,not stocked,not stocked
converse-chuck-taylor-all-star-lo,CONVERSE | CHUCK TAYLOR ALL STAR LO,Size,12,Color,white,,,C-01-12-white,,,25,not stocked,not stocked
converse-chuck-taylor-all-star-lo,CONVERSE | CHUCK TAYLOR ALL STAR LO,Size,13,Color,white,,,C-01-13-white,,,25,not stocked,not stocked
converse-chuck-taylor-all-star-ii-hi,CONVERSE | CHUCK TAYLOR ALL STAR II HI,Size,4,Color,black,,,C-02-4-black,,,52,not stocked,not stocked
converse-chuck-taylor-all-star-ii-hi,CONVERSE | CHUCK TAYLOR ALL STAR II HI,Size,5,Color,black,,,C-02-5-black,,,52,not stocked,not stocked
vans-sk8-hi-decon-cutout-leaves-white,VANS | SK8-HI DECON (CUTOUT)| LEAVES/WHITE,Size,10,Color,white,,,"VN-05
-10-white",,,5,not stocked,not stocked
palladium-pallatech-hi-tx-chevron,PALLADIUM | PALLATECH HI TX | CHEVRON,Size,9,Color,red,,,"PAL-01
-9-red",,,16,not stocked,not stocked
palladium-pallatech-hi-tx-chevron,PALLADIUM | PALLATECH HI TX | CHEVRON,Size,10,Color,red,,,"PAL-01
-10-red",,,16,not stocked,not stocked
palladium-pallatech-hi-tx-chevron,PALLADIUM | PALLATECH HI TX | CHEVRON,Size,12,Color,red,,,"PAL-01
-12-red",,,16,not stocked,not stocked
asics-tiger-gel-lyte-v-30-years-of-gel-pack,ASICS TIGER | GEL-LYTE V '30 YEARS OF GEL' PACK,Size,4,Color,black,,,AsTi-01-4-black,,,3,not stocked,not stocked
asics-tiger-gel-lyte-v-30-years-of-gel-pack,ASICS TIGER | GEL-LYTE V '30 YEARS OF GEL' PACK,Size,8,Color,black,,,AsTi-01-8-black,,,3,not stocked,not stocked
asics-tiger-gel-lyte-v-30-years-of-gel-pack,ASICS TIGER | GEL-LYTE V '30 YEARS OF GEL' PACK,Size,14,Color,black,,,AsTi-01-14-black,,,3,not stocked,not stocked
puma-suede-classic-regal,PUMA | SUEDE CLASSIC REGAL,Size,5,Color,red,,,PM-01-5-red,,,20,not stocked,not stocked
puma-suede-classic-regal,PUMA | SUEDE CLASSIC REGAL,Size,6,Color,red,,,PM-01-6-red,,,20,not stocked,not stocked
puma-suede-classic-regal,PUMA | SUEDE CLASSIC REGAL,Size,7,Color,red,,,PM-01-7-red,,,20,not stocked,not stocked
puma-suede-classic-regal,PUMA | SUEDE CLASSIC REGAL,Size,8,Color,red,,,PM-01-8-red,,,20,not stocked,not stocked
supra-mens-vaider,SUPRA | MENS VAIDER,Size,9,Color,gray,,,su-01-9-gray,,,5,not stocked,not stocked
supra-mens-vaider,SUPRA | MENS VAIDER,Size,10,Color,gray,,,su-01-10-gray,,,5,not stocked,not stocked
supra-mens-vaider,SUPRA | MENS VAIDER,Size,11,Color,gray,,,su-01-11-gray,,,5,not stocked,not stocked
supra-mens-vaider,SUPRA | MENS VAIDER,Size,12,Color,gray,,,su-01-12-gray,,,5,not stocked,not stocked
adidas-superstar-80s,ADIDAS | SUPERSTAR 80S,Size,5,Color,white,,,AD-01-5-white,,,100,not stocked,not stocked
adidas-superstar-80s,ADIDAS | SUPERSTAR 80S,Size,6,Color,white,,,AD-01-6-white,,,100,not stocked,not stocked
adidas-superstar-80s,ADIDAS | SUPERSTAR 80S,Size,7,Color,white,,,AD-01-7-white,,,100,not stocked,not stocked
adidas-superstar-80s,ADIDAS | SUPERSTAR 80S,Size,9,Color,white,,,AD-01-9-white,,,100,not stocked,not stocked
adidas-superstar-80s,ADIDAS | SUPERSTAR 80S,Size,10,Color,white,,,AD-01-10-white,,,100,not stocked,not stocked
adidas-superstar-80s,ADIDAS | SUPERSTAR 80S,Size,11,Color,white,,,AD-01-11-white,,,100,not stocked,not stocked
adidas-superstar-80s,ADIDAS | SUPERSTAR 80S,Size,12,Color,white,,,AD-01-12-white,,,100,not stocked,not stocked
vans-era-59-desert-cowboy,VANS | ERA 59 (DESERT COWBOY),Size,9,Color,light_brown,,,VN-06-9-light_brown,,,50,not stocked,not stocked
vans-era-59-desert-cowboy,VANS | ERA 59 (DESERT COWBOY),Size,10,Color,light_brown,,,VN-06-10-light_brown,,,50,not stocked,not stocked
vans-era-59-desert-cowboy,VANS | ERA 59 (DESERT COWBOY),Size,11,Color,light_brown,,,VN-06-11-light_brown,,,50,not stocked,not stocked
vans-era-59-desert-cowboy,VANS | ERA 59 (DESERT COWBOY),Size,12,Color,light_brown,,,VN-06-12-light_brown,,,50,not stocked,not stocked
vans-era-59-desert-cowboy,VANS | ERA 59 (DESERT COWBOY),Size,13,Color,light_brown,,,VN-06-13-light_brown,,,50,not stocked,not stocked
vans-sh-8-hi,VANS | SH-8 HI,Size,4,Color,black,,,VN-07-4-black,,,31,not stocked,not stocked
vans-sh-8-hi,VANS | SH-8 HI,Size,5,Color,black,,,VN-07-5-black,,,31,not stocked,not stocked
vans-sh-8-hi,VANS | SH-8 HI,Size,6,Color,black,,,VN-07-6-black,,,31,not stocked,not stocked
vans-sh-8-hi,VANS | SH-8 HI,Size,7,Color,black,,,VN-07-7-black,,,31,not stocked,not stocked
vans-sh-8-hi,VANS | SH-8 HI,Size,8,Color,black,,,VN-07-8-black,,,31,not stocked,not stocked
vans-sh-8-hi,VANS | SH-8 HI,Size,9,Color,black,,,VN-07-9-black,,,31,not stocked,not stocked
vans-sh-8-hi,VANS | SH-8 HI,Size,10,Color,black,,,VN-07-10-black,,,31,not stocked,not stocked
vans-sh-8-hi,VANS | SH-8 HI,Size,11,Color,black,,,VN-07-11-black,,,31,not stocked,not stocked
vans-sh-8-hi,VANS | SH-8 HI,Size,12,Color,black,,,VN-07-12-black,,,31,not stocked,not stocked
vans-sh-8-hi,VANS | SH-8 HI,Size,14,Color,black,,,VN-07-14-black,,,31,not stocked,not stocked
vans-old-skool-butterfly-true-white-black,VANS | OLD SKOOL (BUTTERFLY) TRUE WHITE | BLACK,Size,4,Color,white,,,VN-08-4-white,,,50,not stocked,not stocked
vans-old-skool-butterfly-true-white-black,VANS | OLD SKOOL (BUTTERFLY) TRUE WHITE | BLACK,Size,5,Color,white,,,VN-08-5-white,,,50,not stocked,not stocked
vans-old-skool-butterfly-true-white-black,VANS | OLD SKOOL (BUTTERFLY) TRUE WHITE | BLACK,Size,6,Color,white,,,VN-08-6-white,,,50,not stocked,not stocked
vans-old-skool-butterfly-true-white-black,VANS | OLD SKOOL (BUTTERFLY) TRUE WHITE | BLACK,Size,7,Color,white,,,VN-08-7-white,,,50,not stocked,not stocked
vans-old-skool-butterfly-true-white-black,VANS | OLD SKOOL (BUTTERFLY) TRUE WHITE | BLACK,Size,8,Color,white,,,VN-08-8-white,,,50,not stocked,not stocked
vans-old-skool-butterfly-true-white-black,VANS | OLD SKOOL (BUTTERFLY) TRUE WHITE | BLACK,Size,9,Color,white,,,VN-08-9-white,,,50,not stocked,not stocked
vans-classic-slip-on-perforated-suede,VANS | CLASSIC SLIP-ON (PERFORATED SUEDE),Size,4,Color,beige,,,VN-09-4-beige,,,60,not stocked,not stocked
vans-classic-slip-on-perforated-suede,VANS | CLASSIC SLIP-ON (PERFORATED SUEDE),Size,5,Color,beige,,,VN-09-5-beige,,,60,not stocked,not stocked
vans-classic-slip-on-perforated-suede,VANS | CLASSIC SLIP-ON (PERFORATED SUEDE),Size,6,Color,beige,,,VN-09-6-beige,,,60,not stocked,not stocked
vans-classic-slip-on-perforated-suede,VANS | CLASSIC SLIP-ON (PERFORATED SUEDE),Size,7,Color,beige,,,VN-09-7-beige,,,60,not stocked,not stocked
vans-classic-slip-on-perforated-suede,VANS | CLASSIC SLIP-ON (PERFORATED SUEDE),Size,8,Color,beige,,,VN-09-8-beige,,,60,not stocked,not stocked
vans-classic-slip-on-perforated-suede,VANS | CLASSIC SLIP-ON (PERFORATED SUEDE),Size,9,Color,beige,,,VN-09-9-beige,,,60,not stocked,not stocked
timberland-mens-6-inch-premium-boot,TIMBERLAND | MENS 6 INCH PREMIUM BOOT,Size,7,Color,yellow,,,TM-01-7-yellow,,,50,not stocked,not stocked
carolina-hurricanes®,Carolina Hurricanes®,Chair Base Colour,Red,Jersey Option,Third,Chair Size,Adult,"",,,5000,0,not stocked
carolina-hurricanes®,Carolina Hurricanes®,Chair Base Colour,Red,Jersey Option,Third,Chair Size,Mini,"",,,5000,0,not stocked
carolina-hurricanes®,Carolina Hurricanes®,Chair Base Colour,White,Jersey Option,Home,Chair Size,Adult,"",,,5000,0,not stocked
carolina-hurricanes®,Carolina Hurricanes®,Chair Base Colour,White,Jersey Option,Home,Chair Size,Mini,"",,,5000,0,not stocked
carolina-hurricanes®,Carolina Hurricanes®,Chair Base Colour,White,Jersey Option,Away,Chair Size,Adult,"",,,5000,0,not stocked
carolina-hurricanes®,Carolina Hurricanes®,Chair Base Colour,White,Jersey Option,Away,Chair Size,Mini,"",,,5000,0,not stocked
carolina-hurricanes®,Carolina Hurricanes®,Chair Base Colour,White,Jersey Option,Third,Chair Size,Adult,"",,,5000,0,not stocked
carolina-hurricanes®,Carolina Hurricanes®,Chair Base Colour,White,Jersey Option,Third,Chair Size,Mini,"",,,5000,0,not stocked
carolina-hurricanes®-custom,Carolina Hurricanes®,Chair Base Colour,Black,Jersey Option,Home,Chair Size,Adult,"",,,5000,0,not stocked
carolina-hurricanes®-custom,Carolina Hurricanes®,Chair Base Colour,Black,Jersey Option,Home,Chair Size,Mini,"",,,5000,0,not stocked
carolina-hurricanes®-custom,Carolina Hurricanes®,Chair Base Colour,Black,Jersey Option,Away,Chair Size,Adult,"",,,5000,0,not stocked
carolina-hurricanes®-custom,Carolina Hurricanes®,Chair Base Colour,Black,Jersey Option,Away,Chair Size,Mini,"",,,5000,0,not stocked
carolina-hurricanes®-custom,Carolina Hurricanes®,Chair Base Colour,Black,Jersey Option,Third,Chair Size,Adult,"",,,5000,0,not stocked
carolina-hurricanes®-custom,Carolina Hurricanes®,Chair Base Colour,Black,Jersey Option,Third,Chair Size,Mini,"",,,5000,0,not stocked
carolina-hurricanes®-custom,Carolina Hurricanes®,Chair Base Colour,Red,Jersey Option,Home,Chair Size,Adult,"",,,5000,0,not stocked
carolina-hurricanes®-custom,Carolina Hurricanes®,Chair Base Colour,Red,Jersey Option,Home,Chair Size,Mini,"",,,5000,0,not stocked
carolina-hurricanes®-custom,Carolina Hurricanes®,Chair Base Colour,Red,Jersey Option,Away,Chair Size,Adult,"",,,5000,0,not stocked
carolina-hurricanes®-custom,Carolina Hurricanes®,Chair Base Colour,Red,Jersey Option,Away,Chair Size,Mini,"",,,5000,0,not stocked
carolina-hurricanes®-custom,Carolina Hurricanes®,Chair Base Colour,Red,Jersey Option,Third,Chair Size,Adult,"",,,5000,0,not stocked
carolina-hurricanes®-custom,Carolina Hurricanes®,Chair Base Colour,Red,Jersey Option,Third,Chair Size,Mini,"",,,5000,0,not stocked
carolina-hurricanes®-custom,Carolina Hurricanes®,Chair Base Colour,White,Jersey Option,Home,Chair Size,Adult,"",,,5000,0,not stocked
carolina-hurricanes®-custom,Carolina Hurricanes®,Chair Base Colour,White,Jersey Option,Home,Chair Size,Mini,"",,,5000,0,not stocked
carolina-hurricanes®-custom,Carolina Hurricanes®,Chair Base Colour,White,Jersey Option,Away,Chair Size,Adult,"",,,5000,0,not stocked
carolina-hurricanes®-custom,Carolina Hurricanes®,Chair Base Colour,White,Jersey Option,Away,Chair Size,Mini,"",,,5000,0,not stocked
carolina-hurricanes®-custom,Carolina Hurricanes®,Chair Base Colour,White,Jersey Option,Third,Chair Size,Adult,"",,,5000,0,not stocked
carolina-hurricanes®-custom,Carolina Hurricanes®,Chair Base Colour,White,Jersey Option,Third,Chair Size,Mini,"",,,5000,0,not stocked
vans-authentic-lo-pro-burgandy-white,VANS |AUTHENTIC | LO PRO | BURGANDY/WHITE,Size,4,Color,burgandy,,,VN-01-4-burgandy,,,20,not stocked,not stocked
vans-authentic-lo-pro-burgandy-white,VANS |AUTHENTIC | LO PRO | BURGANDY/WHITE,Size,5,Color,burgandy,,,VN-01-5-burgandy,,,20,not stocked,not stocked
vans-authentic-lo-pro-burgandy-white,VANS |AUTHENTIC | LO PRO | BURGANDY/WHITE,Size,10,Color,burgandy,,,VN-01-10-burgandy,,,20,not stocked,not stocked
vans-authentic-multi-eyelets-gradient-crimson,VANS | AUTHENTIC | (MULTI EYELETS) | GRADIENT/CRIMSON,Size,5,Color,red,,,VN-02-5-red,,,13,not stocked,not stocked
vans-authentic-multi-eyelets-gradient-crimson,VANS | AUTHENTIC | (MULTI EYELETS) | GRADIENT/CRIMSON,Size,6,Color,red,,,VN-02-6-red,,,13,not stocked,not stocked
vans-authentic-multi-eyelets-gradient-crimson,VANS | AUTHENTIC | (MULTI EYELETS) | GRADIENT/CRIMSON,Size,7,Color,red,,,VN-02-7-red,,,13,not stocked,not stocked
vans-authentic-multi-eyelets-gradient-crimson,VANS | AUTHENTIC | (MULTI EYELETS) | GRADIENT/CRIMSON,Size,8,Color,red,,,VN-02-8-red,,,13,not stocked,not stocked
vans-authentic-multi-eyelets-gradient-crimson,VANS | AUTHENTIC | (MULTI EYELETS) | GRADIENT/CRIMSON,Size,9,Color,red,,,VN-02-9-red,,,13,not stocked,not stocked
vans-authentic-butterfly-true-white-black,VANS | AUTHENTIC (BUTTERFLY) TRUE | WHITE / BLACK,Size,4,Color,white,,,VN-03-4-white,,,15,not stocked,not stocked
vans-authentic-butterfly-true-white-black,VANS | AUTHENTIC (BUTTERFLY) TRUE | WHITE / BLACK,Size,5,Color,white,,,VN-03-5-white,,,15,not stocked,not stocked
vans-authentic-butterfly-true-white-black,VANS | AUTHENTIC (BUTTERFLY) TRUE | WHITE / BLACK,Size,6,Color,white,,,VN-03-6-white,,,15,not stocked,not stocked
vans-authentic-butterfly-true-white-black,VANS | AUTHENTIC (BUTTERFLY) TRUE | WHITE / BLACK,Size,7,Color,white,,,VN-03-7-white,,,15,not stocked,not stocked
vans-authentic-butterfly-true-white-black,VANS | AUTHENTIC (BUTTERFLY) TRUE | WHITE / BLACK,Size,8,Color,white,,,VN-03-8-white,,,15,not stocked,not stocked
vans-authentic-butterfly-true-white-black,VANS | AUTHENTIC (BUTTERFLY) TRUE | WHITE / BLACK,Size,9,Color,white,,,VN-03-9-white,,,15,not stocked,not stocked
vans-era-59-moroccan-geo-dress-blues,"VANS |
ERA 59 MOROCCAN | GEO/DRESS BLUES",Size,8,Color,blue,,,VN-04-8-blue,,,21,not stocked,not stocked
vans-era-59-moroccan-geo-dress-blues,"VANS |
ERA 59 MOROCCAN | GEO/DRESS BLUES",Size,9,Color,blue,,,VN-04-9-blue,,,21,not stocked,not stocked
vans-era-59-moroccan-geo-dress-blues,"VANS |
ERA 59 MOROCCAN | GEO/DRESS BLUES",Size,10,Color,blue,,,VN-04-10-blue,,,21,not stocked,not stocked
vans-era-59-moroccan-geo-dress-blues,"VANS |
ERA 59 MOROCCAN | GEO/DRESS BLUES",Size,13,Color,blue,,,VN-04-13-blue,,,21,not stocked,not stocked
vans-sk8-hi-decon-cutout-leaves-white,VANS | SK8-HI DECON (CUTOUT)| LEAVES/WHITE,Size,4,Color,white,,,"VN-05
-4-white",,,5,not stocked,not stocked
vans-sk8-hi-decon-cutout-leaves-white,VANS | SK8-HI DECON (CUTOUT)| LEAVES/WHITE,Size,5,Color,white,,,"VN-05
-5-white",,,5,not stocked,not stocked
vans-sk8-hi-decon-cutout-leaves-white,VANS | SK8-HI DECON (CUTOUT)| LEAVES/WHITE,Size,6,Color,white,,,"VN-05
-6-white",,,5,not stocked,not stocked
vans-sk8-hi-decon-cutout-leaves-white,VANS | SK8-HI DECON (CUTOUT)| LEAVES/WHITE,Size,7,Color,white,,,"VN-05
-7-white",,,5,not stocked,not stocked
vans-sk8-hi-decon-cutout-leaves-white,VANS | SK8-HI DECON (CUTOUT)| LEAVES/WHITE,Size,8,Color,white,,,"VN-05
-8-white",,,5,not stocked,not stocked
vans-sk8-hi-decon-cutout-leaves-white,VANS | SK8-HI DECON (CUTOUT)| LEAVES/WHITE,Size,9,Color,white,,,"VN-05
-9-white",,,5,not stocked,not stocked
columbus-blue-jackets®-1,Columbus Blue Jackets®,Chair Base Colour,Blue,Jersey Option,Home,Chair Size,Adult,"",,,10000,0,not stocked
columbus-blue-jackets®-1,Columbus Blue Jackets®,Chair Base Colour,Blue,Jersey Option,Home,Chair Size,Mini,"",,,10000,0,not stocked
columbus-blue-jackets®-1,Columbus Blue Jackets®,Chair Base Colour,Blue,Jersey Option,Away,Chair Size,Adult,"",,,10000,0,not stocked
columbus-blue-jackets®-1,Columbus Blue Jackets®,Chair Base Colour,Blue,Jersey Option,Away,Chair Size,Mini,"",,,5000,0,not stocked
columbus-blue-jackets®-1,Columbus Blue Jackets®,Chair Base Colour,Black,Jersey Option,Home,Chair Size,Adult,"",,,5000,0,not stocked
columbus-blue-jackets®-1,Columbus Blue Jackets®,Chair Base Colour,Black,Jersey Option,Home,Chair Size,Mini,"",,,5000,0,not stocked
columbus-blue-jackets®-1,Columbus Blue Jackets®,Chair Base Colour,Black,Jersey Option,Away,Chair Size,Adult,"",,,5000,0,not stocked
columbus-blue-jackets®-1,Columbus Blue Jackets®,Chair Base Colour,Black,Jersey Option,Away,Chair Size,Mini,"",,,5000,0,not stocked
columbus-blue-jackets®-1,Columbus Blue Jackets®,Chair Base Colour,White,Jersey Option,Home,Chair Size,Adult,"",,,5000,0,not stocked
columbus-blue-jackets®-1,Columbus Blue Jackets®,Chair Base Colour,White,Jersey Option,Home,Chair Size,Mini,"",,,5000,0,not stocked
columbus-blue-jackets®-1,Columbus Blue Jackets®,Chair Base Colour,White,Jersey Option,Away,Chair Size,Adult,"",,,5000,0,not stocked
columbus-blue-jackets®-1,Columbus Blue Jackets®,Chair Base Colour,White,Jersey Option,Away,Chair Size,Mini,"",,,5000,0,not stocked
colorado-avalanche®-custom,Colorado Avalanche®,Chair Base Colour,Blue,Jersey Option,Home,Chair Size,Adult,"",,,10000,0,not stocked
colorado-avalanche®-custom,Colorado Avalanche®,Chair Base Colour,Blue,Jersey Option,Home,Chair Size,Mini,"",,,10000,0,not stocked
colorado-avalanche®-custom,Colorado Avalanche®,Chair Base Colour,Blue,Jersey Option,Away,Chair Size,Adult,"",,,10000,0,not stocked
colorado-avalanche®-custom,Colorado Avalanche®,Chair Base Colour,Blue,Jersey Option,Away,Chair Size,Mini,"",,,10000,0,not stocked
colorado-avalanche®-custom,Colorado Avalanche®,Chair Base Colour,Black,Jersey Option,Home,Chair Size,Adult,"",,,10000,0,not stocked
colorado-avalanche®-custom,Colorado Avalanche®,Chair Base Colour,Black,Jersey Option,Home,Chair Size,Mini,"",,,10000,0,not stocked
colorado-avalanche®-custom,Colorado Avalanche®,Chair Base Colour,Black,Jersey Option,Away,Chair Size,Adult,"",,,10000,0,not stocked
colorado-avalanche®-custom,Colorado Avalanche®,Chair Base Colour,Black,Jersey Option,Away,Chair Size,Mini,"",,,10000,0,not stocked
colorado-avalanche®-custom,Colorado Avalanche®,Chair Base Colour,White,Jersey Option,Home,Chair Size,Adult,"",,,10000,0,not stocked
colorado-avalanche®-custom,Colorado Avalanche®,Chair Base Colour,White,Jersey Option,Home,Chair Size,Mini,"",,,10000,0,not stocked
colorado-avalanche®-custom,Colorado Avalanche®,Chair Base Colour,White,Jersey Option,Away,Chair Size,Adult,"",,,10000,0,not stocked
colorado-avalanche®-custom,Colorado Avalanche®,Chair Base Colour,White,Jersey Option,Away,Chair Size,Mini,"",,,10000,0,not stocked
colorado-avalanche®-custom,Colorado Avalanche®,Chair Base Colour,Gray,Jersey Option,Home,Chair Size,Adult,"",,,10000,0,not stocked
colorado-avalanche®-custom,Colorado Avalanche®,Chair Base Colour,Gray,Jersey Option,Home,Chair Size,Mini,"",,,10000,0,not stocked
colorado-avalanche®-custom,Colorado Avalanche®,Chair Base Colour,Gray,Jersey Option,Away,Chair Size,Adult,"",,,10000,0,not stocked
colorado-avalanche®-custom,Colorado Avalanche®,Chair Base Colour,Gray,Jersey Option,Away,Chair Size,Mini,"",,,10000,0,not stocked
chicago-blackhawks®-custom,Chicago Blackhawks®,Chair Base Colour,Black,Jersey Option,Home,Chair Size,Adult,"",,,5000,0,not stocked
chicago-blackhawks®-custom,Chicago Blackhawks®,Chair Base Colour,Black,Jersey Option,Home,Chair Size,Mini,"",,,5000,0,not stocked
chicago-blackhawks®-custom,Chicago Blackhawks®,Chair Base Colour,Black,Jersey Option,Away,Chair Size,Adult,"",,,5000,0,not stocked
chicago-blackhawks®-custom,Chicago Blackhawks®,Chair Base Colour,Black,Jersey Option,Away,Chair Size,Mini,"",,,5000,0,not stocked
chicago-blackhawks®-custom,Chicago Blackhawks®,Chair Base Colour,Red,Jersey Option,Home,Chair Size,Adult,"",,,5000,0,not stocked
chicago-blackhawks®-custom,Chicago Blackhawks®,Chair Base Colour,Red,Jersey Option,Home,Chair Size,Mini,"",,,5000,0,not stocked
chicago-blackhawks®-custom,Chicago Blackhawks®,Chair Base Colour,Red,Jersey Option,Away,Chair Size,Adult,"",,,5000,0,not stocked
chicago-blackhawks®-custom,Chicago Blackhawks®,Chair Base Colour,Red,Jersey Option,Away,Chair Size,Mini,"",,,5000,0,not stocked
chicago-blackhawks®-custom,Chicago Blackhawks®,Chair Base Colour,White,Jersey Option,Home,Chair Size,Adult,"",,,5000,0,not stocked
chicago-blackhawks®-custom,Chicago Blackhawks®,Chair Base Colour,White,Jersey Option,Home,Chair Size,Mini,"",,,5000,0,not stocked
chicago-blackhawks®-custom,Chicago Blackhawks®,Chair Base Colour,White,Jersey Option,Away,Chair Size,Adult,"",,,5000,0,not stocked
chicago-blackhawks®-custom,Chicago Blackhawks®,Chair Base Colour,White,Jersey Option,Away,Chair Size,Mini,"",,,5000,0,not stocked
carolina-hurricanes®,Carolina Hurricanes®,Chair Base Colour,Black,Jersey Option,Home,Chair Size,Adult,"",,,5000,500,not stocked
carolina-hurricanes®,Carolina Hurricanes®,Chair Base Colour,Black,Jersey Option,Home,Chair Size,Mini,"",,,5000,0,not stocked
carolina-hurricanes®,Carolina Hurricanes®,Chair Base Colour,Black,Jersey Option,Away,Chair Size,Adult,"",,,5000,0,not stocked
carolina-hurricanes®,Carolina Hurricanes®,Chair Base Colour,Black,Jersey Option,Away,Chair Size,Mini,"",,,5000,0,not stocked
carolina-hurricanes®,Carolina Hurricanes®,Chair Base Colour,Black,Jersey Option,Third,Chair Size,Adult,"",,,5000,0,not stocked
carolina-hurricanes®,Carolina Hurricanes®,Chair Base Colour,Black,Jersey Option,Third,Chair Size,Mini,"",,,5000,0,not stocked
carolina-hurricanes®,Carolina Hurricanes®,Chair Base Colour,Red,Jersey Option,Home,Chair Size,Adult,"",,,5000,0,not stocked
carolina-hurricanes®,Carolina Hurricanes®,Chair Base Colour,Red,Jersey Option,Home,Chair Size,Mini,"",,,5000,0,not stocked
carolina-hurricanes®,Carolina Hurricanes®,Chair Base Colour,Red,Jersey Option,Away,Chair Size,Adult,"",,,5000,0,not stocked
carolina-hurricanes®,Carolina Hurricanes®,Chair Base Colour,Red,Jersey Option,Away,Chair Size,Mini,"",,,5000,0,not stocked
calgary-flames,Calgary Flames,Chair Base Colour,Red,Jersey Option,Home,Chair Size,Mini,"",,,5000,0,not stocked
calgary-flames,Calgary Flames,Chair Base Colour,Red,Jersey Option,Away,Chair Size,Adult,"",,,5000,0,not stocked
calgary-flames,Calgary Flames,Chair Base Colour,Red,Jersey Option,Away,Chair Size,Mini,"",,,5000,0,not stocked
calgary-flames,Calgary Flames,Chair Base Colour,Red,Jersey Option,Third,Chair Size,Adult,"",,,5000,0,not stocked
calgary-flames,Calgary Flames,Chair Base Colour,Red,Jersey Option,Third,Chair Size,Mini,"",,,5000,0,not stocked
calgary-flames,Calgary Flames,Chair Base Colour,White,Jersey Option,Home,Chair Size,Mini,"",,,5000,0,not stocked
calgary-flames,Calgary Flames,Chair Base Colour,White,Jersey Option,Away,Chair Size,Adult,"",,,5000,0,not stocked
calgary-flames,Calgary Flames,Chair Base Colour,White,Jersey Option,Away,Chair Size,Mini,"",,,5000,0,not stocked
calgary-flames,Calgary Flames,Chair Base Colour,White,Jersey Option,Third,Chair Size,Adult,"",,,5000,0,not stocked
calgary-flames,Calgary Flames,Chair Base Colour,White,Jersey Option,Third,Chair Size,Mini,"",,,5000,0,not stocked
vintage-boston-bruin,Vintage Boston Bruin,Chair Base Colour,Black,Home/Away,Away,Chair Size,Adult,"",,,0,0,not stocked
vintage-boston-bruin,Vintage Boston Bruin,Chair Base Colour,Black,Home/Away,Away,Chair Size,Mini,"",,,0,0,not stocked
vintage-boston-bruin,Vintage Boston Bruin,Chair Base Colour,Black,Home/Away,Home,Chair Size,Adult,"",,,0,0,not stocked
vintage-boston-bruin,Vintage Boston Bruin,Chair Base Colour,Black,Home/Away,Home,Chair Size,Mini,"",,,0,0,not stocked
vintage-boston-bruin,Vintage Boston Bruin,Chair Base Colour,White,Home/Away,Away,Chair Size,Adult,"",,,0,0,not stocked
vintage-boston-bruin,Vintage Boston Bruin,Chair Base Colour,White,Home/Away,Away,Chair Size,Mini,"",,,0,0,not stocked
vintage-boston-bruin,Vintage Boston Bruin,Chair Base Colour,White,Home/Away,Home,Chair Size,Adult,"",,,0,0,not stocked
vintage-boston-bruin,Vintage Boston Bruin,Chair Base Colour,White,Home/Away,Home,Chair Size,Mini,"",,,0,0,not stocked
vintage-hartford,Vintage Hartford,Chair Base Colour,Blue,Home/Away,Away,Chair Size,Adult,"",,,0,0,not stocked
vintage-hartford,Vintage Hartford,Chair Base Colour,Blue,Home/Away,Away,Chair Size,Mini,"",,,0,0,not stocked
vintage-hartford,Vintage Hartford,Chair Base Colour,Blue,Home/Away,Home,Chair Size,Adult,"",,,0,0,not stocked
vintage-hartford,Vintage Hartford,Chair Base Colour,Blue,Home/Away,Home,Chair Size,Mini,"",,,0,0,not stocked
vintage-hartford,Vintage Hartford,Chair Base Colour,White,Home/Away,Away,Chair Size,Adult,"",,,0,0,not stocked
vintage-hartford,Vintage Hartford,Chair Base Colour,White,Home/Away,Away,Chair Size,Mini,"",,,0,0,not stocked
vintage-hartford,Vintage Hartford,Chair Base Colour,White,Home/Away,Home,Chair Size,Adult,"",,,0,0,not stocked
vintage-hartford,Vintage Hartford,Chair Base Colour,White,Home/Away,Home,Chair Size,Mini,"",,,0,0,not stocked
vintage-hartford,Vintage Hartford,Chair Base Colour,Black,Home/Away,Away,Chair Size,Adult,"",,,0,0,not stocked
vintage-hartford,Vintage Hartford,Chair Base Colour,Black,Home/Away,Away,Chair Size,Mini,"",,,0,0,not stocked
vintage-hartford,Vintage Hartford,Chair Base Colour,Black,Home/Away,Home,Chair Size,Adult,"",,,0,0,not stocked
vintage-hartford,Vintage Hartford,Chair Base Colour,Black,Home/Away,Home,Chair Size,Mini,"",,,0,0,not stocked
anaheim-ducks®-1,Anaheim Ducks®,Chair Base Colour,Black,Jersey Option,Home,Chair Size,Adult,"",,,5000,0,not stocked
anaheim-ducks®-1,Anaheim Ducks®,Chair Base Colour,Black,Jersey Option,Home,Chair Size,Mini,"",,,5000,0,not stocked
anaheim-ducks®-1,Anaheim Ducks®,Chair Base Colour,Black,Jersey Option,Away,Chair Size,Adult,"",,,5000,0,not stocked
anaheim-ducks®-1,Anaheim Ducks®,Chair Base Colour,Black,Jersey Option,Away,Chair Size,Mini,"",,,5000,0,not stocked
anaheim-ducks®-1,Anaheim Ducks®,Chair Base Colour,White,Jersey Option,Home,Chair Size,Adult,"",,,5000,0,not stocked
anaheim-ducks®-1,Anaheim Ducks®,Chair Base Colour,White,Jersey Option,Home,Chair Size,Mini,"",,,5000,0,not stocked
anaheim-ducks®-1,Anaheim Ducks®,Chair Base Colour,White,Jersey Option,Away,Chair Size,Adult,"",,,5000,0,not stocked
anaheim-ducks®-1,Anaheim Ducks®,Chair Base Colour,White,Jersey Option,Away,Chair Size,Mini,"",,,5000,0,not stocked
boston-bruins®-1,Boston Bruins®,Chair Base Colour,Black,Jersey Option,Home,Chair Size,Adult,"",,,4999,0,not stocked
boston-bruins®-1,Boston Bruins®,Chair Base Colour,Black,Jersey Option,Home,Chair Size,Mini,"",,,5000,0,not stocked
boston-bruins®-1,Boston Bruins®,Chair Base Colour,Black,Jersey Option,Away,Chair Size,Adult,"",,,5000,0,not stocked
boston-bruins®-1,Boston Bruins®,Chair Base Colour,Black,Jersey Option,Away,Chair Size,Mini,"",,,5000,0,not stocked
boston-bruins®-1,Boston Bruins®,Chair Base Colour,White,Jersey Option,Home,Chair Size,Adult,"",,,5000,0,not stocked
boston-bruins®-1,Boston Bruins®,Chair Base Colour,White,Jersey Option,Home,Chair Size,Mini,"",,,5000,0,not stocked
boston-bruins®-1,Boston Bruins®,Chair Base Colour,White,Jersey Option,Away,Chair Size,Adult,"",,,5000,0,not stocked
boston-bruins®-1,Boston Bruins®,Chair Base Colour,White,Jersey Option,Away,Chair Size,Mini,"",,,5000,0,not stocked
columbus-blue-jackets®-1,Columbus Blue Jackets®,Chair Base Colour,Red,Jersey Option,Home,Chair Size,Adult,"",,,9996,0,not stocked
columbus-blue-jackets®-1,Columbus Blue Jackets®,Chair Base Colour,Red,Jersey Option,Home,Chair Size,Mini,"",,,10000,0,not stocked
columbus-blue-jackets®-1,Columbus Blue Jackets®,Chair Base Colour,Red,Jersey Option,Away,Chair Size,Adult,"",,,10000,0,not stocked
columbus-blue-jackets®-1,Columbus Blue Jackets®,Chair Base Colour,Red,Jersey Option,Away,Chair Size,Mini,"",,,10000,0,not stocked
boston-bruins,Boston Bruins,Chair Base Colour,White,Jersey Option,Home,Chair Size,Adult,"",,,5000,0,not stocked
boston-bruins,Boston Bruins,Chair Base Colour,White,Jersey Option,Home,Chair Size,Mini,"",,,5000,0,not stocked
boston-bruins,Boston Bruins,Chair Base Colour,White,Jersey Option,Away,Chair Size,Adult,"",,,5000,0,not stocked
boston-bruins,Boston Bruins,Chair Base Colour,White,Jersey Option,Away,Chair Size,Mini,"",,,5000,0,not stocked
buffalo-sabres,Buffalo Sabres,Chair Base Colour,Blue,Jersey Option,Home,Chair Size,Adult,"",,,5000,0,not stocked
buffalo-sabres,Buffalo Sabres,Chair Base Colour,Blue,Jersey Option,Home,Chair Size,Mini,"",,,5000,0,not stocked
buffalo-sabres,Buffalo Sabres,Chair Base Colour,Blue,Jersey Option,Away,Chair Size,Adult,"",,,5000,0,not stocked
buffalo-sabres,Buffalo Sabres,Chair Base Colour,Blue,Jersey Option,Away,Chair Size,Mini,"",,,5000,0,not stocked
buffalo-sabres,Buffalo Sabres,Chair Base Colour,Black,Jersey Option,Home,Chair Size,Adult,"",,,5000,0,not stocked
buffalo-sabres,Buffalo Sabres,Chair Base Colour,Black,Jersey Option,Home,Chair Size,Mini,"",,,5000,0,not stocked
buffalo-sabres,Buffalo Sabres,Chair Base Colour,Black,Jersey Option,Away,Chair Size,Adult,"",,,5000,0,not stocked
buffalo-sabres,Buffalo Sabres,Chair Base Colour,Black,Jersey Option,Away,Chair Size,Mini,"",,,5000,0,not stocked
buffalo-sabres,Buffalo Sabres,Chair Base Colour,White,Jersey Option,Home,Chair Size,Adult,"",,,5000,0,not stocked
buffalo-sabres,Buffalo Sabres,Chair Base Colour,White,Jersey Option,Home,Chair Size,Mini,"",,,5000,0,not stocked
buffalo-sabres,Buffalo Sabres,Chair Base Colour,White,Jersey Option,Away,Chair Size,Adult,"",,,5000,0,not stocked
buffalo-sabres,Buffalo Sabres,Chair Base Colour,White,Jersey Option,Away,Chair Size,Mini,"",,,5000,0,not stocked
carolina-hurricanes,Carolina Hurricanes,Chair Base Colour,Black,Jersey Option,Home,Chair Size,Adult,"",,,5000,0,not stocked
carolina-hurricanes,Carolina Hurricanes,Chair Base Colour,Black,Jersey Option,Home,Chair Size,Mini,"",,,5000,0,not stocked
carolina-hurricanes,Carolina Hurricanes,Chair Base Colour,Black,Jersey Option,Away,Chair Size,Adult,"",,,5000,0,not stocked
carolina-hurricanes,Carolina Hurricanes,Chair Base Colour,Black,Jersey Option,Away,Chair Size,Mini,"",,,5000,0,not stocked
carolina-hurricanes,Carolina Hurricanes,Chair Base Colour,Black,Jersey Option,Third,Chair Size,Adult,"",,,5000,0,not stocked
carolina-hurricanes,Carolina Hurricanes,Chair Base Colour,Black,Jersey Option,Third,Chair Size,Mini,"",,,5000,0,not stocked
carolina-hurricanes,Carolina Hurricanes,Chair Base Colour,Red,Jersey Option,Home,Chair Size,Adult,"",,,5000,0,not stocked
carolina-hurricanes,Carolina Hurricanes,Chair Base Colour,Red,Jersey Option,Home,Chair Size,Mini,"",,,5000,0,not stocked
carolina-hurricanes,Carolina Hurricanes,Chair Base Colour,Red,Jersey Option,Away,Chair Size,Adult,"",,,5000,0,not stocked
carolina-hurricanes,Carolina Hurricanes,Chair Base Colour,Red,Jersey Option,Away,Chair Size,Mini,"",,,5000,0,not stocked
carolina-hurricanes,Carolina Hurricanes,Chair Base Colour,Red,Jersey Option,Third,Chair Size,Adult,"",,,5000,0,not stocked
carolina-hurricanes,Carolina Hurricanes,Chair Base Colour,Red,Jersey Option,Third,Chair Size,Mini,"",,,5000,0,not stocked
carolina-hurricanes,Carolina Hurricanes,Chair Base Colour,White,Jersey Option,Home,Chair Size,Adult,"",,,5000,0,not stocked
carolina-hurricanes,Carolina Hurricanes,Chair Base Colour,White,Jersey Option,Home,Chair Size,Mini,"",,,5000,0,not stocked
carolina-hurricanes,Carolina Hurricanes,Chair Base Colour,White,Jersey Option,Away,Chair Size,Adult,"",,,5000,0,not stocked
carolina-hurricanes,Carolina Hurricanes,Chair Base Colour,White,Jersey Option,Away,Chair Size,Mini,"",,,5000,0,not stocked
carolina-hurricanes,Carolina Hurricanes,Chair Base Colour,White,Jersey Option,Third,Chair Size,Adult,"",,,5000,0,not stocked
carolina-hurricanes,Carolina Hurricanes,Chair Base Colour,White,Jersey Option,Third,Chair Size,Mini,"",,,5000,0,not stocked
anaheim-duck,Anaheim Duck,Chair Base Colour,Black,Jersey Option,Home,Chair Size,Adult,"",,,5000,0,not stocked
anaheim-duck,Anaheim Duck,Chair Base Colour,Black,Jersey Option,Home,Chair Size,Mini,"",,,5000,0,not stocked
anaheim-duck,Anaheim Duck,Chair Base Colour,Black,Jersey Option,Away,Chair Size,Adult,"",,,5000,0,not stocked
anaheim-duck,Anaheim Duck,Chair Base Colour,Black,Jersey Option,Away,Chair Size,Mini,"",,,5000,0,not stocked
anaheim-duck,Anaheim Duck,Chair Base Colour,White,Jersey Option,Home,Chair Size,Adult,"",,,5000,0,not stocked
anaheim-duck,Anaheim Duck,Chair Base Colour,White,Jersey Option,Home,Chair Size,Mini,"",,,5000,0,not stocked
anaheim-duck,Anaheim Duck,Chair Base Colour,White,Jersey Option,Away,Chair Size,Adult,"",,,5000,0,not stocked
anaheim-duck,Anaheim Duck,Chair Base Colour,White,Jersey Option,Away,Chair Size,Mini,"",,,5000,0,not stocked
calgary-flames,Calgary Flames,Chair Base Colour,Black,Jersey Option,Home,Chair Size,Adult,"",,,5000,0,not stocked
calgary-flames,Calgary Flames,Chair Base Colour,Red,Jersey Option,Home,Chair Size,Adult,"",,,5000,0,not stocked
calgary-flames,Calgary Flames,Chair Base Colour,White,Jersey Option,Home,Chair Size,Adult,"",,,5000,0,not stocked
calgary-flames,Calgary Flames,Chair Base Colour,Black,Jersey Option,Home,Chair Size,Mini,"",,,5000,0,not stocked
calgary-flames,Calgary Flames,Chair Base Colour,Black,Jersey Option,Away,Chair Size,Adult,"",,,5000,0,not stocked
calgary-flames,Calgary Flames,Chair Base Colour,Black,Jersey Option,Away,Chair Size,Mini,"",,,5000,0,not stocked
calgary-flames,Calgary Flames,Chair Base Colour,Black,Jersey Option,Third,Chair Size,Adult,"",,,5000,0,not stocked
calgary-flames,Calgary Flames,Chair Base Colour,Black,Jersey Option,Third,Chair Size,Mini,"",,,5000,0,not stocked
buffalo-sabres®,Buffalo Sabres®,Title,Default Title,,,,,"",,,5000,500,not stocked
calgary-flames®,Calgary Flames®,Title,Default Title,,,,,"",,,5000,500,not stocked
columbus-blue-jackets®,Columbus Blue Jackets®,Chair Base Colour,Red,Jersey Option,Home,Chair Size,Adult,"",,,15000,500,not stocked
columbus-blue-jackets®,Columbus Blue Jackets®,Chair Base Colour,Red,Jersey Option,Home,Chair Size,Mini,"",,,15000,0,not stocked
columbus-blue-jackets®,Columbus Blue Jackets®,Chair Base Colour,Red,Jersey Option,Away,Chair Size,Adult,"",,,15000,0,not stocked
columbus-blue-jackets®,Columbus Blue Jackets®,Chair Base Colour,Red,Jersey Option,Away,Chair Size,Mini,"",,,15000,0,not stocked
columbus-blue-jackets®,Columbus Blue Jackets®,Chair Base Colour,Black,Jersey Option,Home,Chair Size,Adult,"",,,15000,0,not stocked
columbus-blue-jackets®,Columbus Blue Jackets®,Chair Base Colour,Black,Jersey Option,Home,Chair Size,Mini,"",,,15000,0,not stocked
columbus-blue-jackets®,Columbus Blue Jackets®,Chair Base Colour,Black,Jersey Option,Away,Chair Size,Adult,"",,,15000,0,not stocked
columbus-blue-jackets®,Columbus Blue Jackets®,Chair Base Colour,Black,Jersey Option,Away,Chair Size,Mini,"",,,15000,0,not stocked
columbus-blue-jackets®,Columbus Blue Jackets®,Chair Base Colour,White,Jersey Option,Home,Chair Size,Adult,"",,,15000,0,not stocked
columbus-blue-jackets®,Columbus Blue Jackets®,Chair Base Colour,White,Jersey Option,Home,Chair Size,Mini,"",,,15000,0,not stocked
columbus-blue-jackets®,Columbus Blue Jackets®,Chair Base Colour,White,Jersey Option,Away,Chair Size,Adult,"",,,15000,0,not stocked
columbus-blue-jackets®,Columbus Blue Jackets®,Chair Base Colour,White,Jersey Option,Away,Chair Size,Mini,"",,,15000,0,not stocked
columbus-blue-jackets®,Columbus Blue Jackets®,Chair Base Colour,Blue,Jersey Option,Home,Chair Size,Adult,"",,,15000,0,not stocked
columbus-blue-jackets®,Columbus Blue Jackets®,Chair Base Colour,Blue,Jersey Option,Home,Chair Size,Mini,"",,,15000,0,not stocked
columbus-blue-jackets®,Columbus Blue Jackets®,Chair Base Colour,Blue,Jersey Option,Away,Chair Size,Adult,"",,,15000,0,not stocked
columbus-blue-jackets®,Columbus Blue Jackets®,Chair Base Colour,Blue,Jersey Option,Away,Chair Size,Mini,"",,,15000,0,not stocked
colorado-avalanche®,Colorado Avalanche®,Chair Base Colour,Blue,Jersey Option,Home,Chair Sizes,Adult,"",,,5000,0,not stocked
colorado-avalanche®,Colorado Avalanche®,Chair Base Colour,Blue,Jersey Option,Home,Chair Sizes,mini,"",,,5000,0,not stocked
colorado-avalanche®,Colorado Avalanche®,Chair Base Colour,Blue,Jersey Option,Away,Chair Sizes,Adult,"",,,5000,0,not stocked
colorado-avalanche®,Colorado Avalanche®,Chair Base Colour,Blue,Jersey Option,Away,Chair Sizes,mini,"",,,5000,0,not stocked
colorado-avalanche®,Colorado Avalanche®,Chair Base Colour,Black,Jersey Option,Home,Chair Sizes,Adult,"",,,5000,0,not stocked
colorado-avalanche®,Colorado Avalanche®,Chair Base Colour,Black,Jersey Option,Home,Chair Sizes,mini,"",,,15000,0,not stocked
colorado-avalanche®,Colorado Avalanche®,Chair Base Colour,Black,Jersey Option,Away,Chair Sizes,Adult,"",,,15000,0,not stocked
colorado-avalanche®,Colorado Avalanche®,Chair Base Colour,Black,Jersey Option,Away,Chair Sizes,mini,"",,,15000,0,not stocked
colorado-avalanche®,Colorado Avalanche®,Chair Base Colour,White,Jersey Option,Home,Chair Sizes,Adult,"",,,15000,0,not stocked
colorado-avalanche®,Colorado Avalanche®,Chair Base Colour,White,Jersey Option,Home,Chair Sizes,mini,"",,,15000,0,not stocked
colorado-avalanche®,Colorado Avalanche®,Chair Base Colour,White,Jersey Option,Away,Chair Sizes,Adult,"",,,15000,0,not stocked
colorado-avalanche®,Colorado Avalanche®,Chair Base Colour,White,Jersey Option,Away,Chair Sizes,mini,"",,,15000,0,not stocked
colorado-avalanche®,Colorado Avalanche®,Chair Base Colour,Gray,Jersey Option,Home,Chair Sizes,Adult,"",,,15000,0,not stocked
colorado-avalanche®,Colorado Avalanche®,Chair Base Colour,Gray,Jersey Option,Home,Chair Sizes,mini,"",,,15000,0,not stocked
colorado-avalanche®,Colorado Avalanche®,Chair Base Colour,Gray,Jersey Option,Away,Chair Sizes,Adult,"",,,15000,0,not stocked
colorado-avalanche®,Colorado Avalanche®,Chair Base Colour,Gray,Jersey Option,Away,Chair Sizes,mini,"",,,15000,0,not stocked
chicago-blackhawks®,Chicago Blackhawks®,Chair Base Colour,Black,Jersey Option,Home,Chair Size,Adult,"",,,5000,0,not stocked
chicago-blackhawks®,Chicago Blackhawks®,Chair Base Colour,Black,Jersey Option,Home,Chair Size,Mini,"",,,5000,0,not stocked
chicago-blackhawks®,Chicago Blackhawks®,Chair Base Colour,Black,Jersey Option,Away,Chair Size,Adult,"",,,5000,0,not stocked
chicago-blackhawks®,Chicago Blackhawks®,Chair Base Colour,Black,Jersey Option,Away,Chair Size,Mini,"",,,5000,0,not stocked
chicago-blackhawks®,Chicago Blackhawks®,Chair Base Colour,Red,Jersey Option,Home,Chair Size,Adult,"",,,5000,0,not stocked
chicago-blackhawks®,Chicago Blackhawks®,Chair Base Colour,Red,Jersey Option,Home,Chair Size,Mini,"",,,5000,0,not stocked
chicago-blackhawks®,Chicago Blackhawks®,Chair Base Colour,Red,Jersey Option,Away,Chair Size,Adult,"",,,5000,0,not stocked
chicago-blackhawks®,Chicago Blackhawks®,Chair Base Colour,Red,Jersey Option,Away,Chair Size,Mini,"",,,5000,0,not stocked
chicago-blackhawks®,Chicago Blackhawks®,Chair Base Colour,White,Jersey Option,Home,Chair Size,Adult,"",,,5000,0,not stocked
chicago-blackhawks®,Chicago Blackhawks®,Chair Base Colour,White,Jersey Option,Home,Chair Size,Mini,"",,,5000,0,not stocked
chicago-blackhawks®,Chicago Blackhawks®,Chair Base Colour,White,Jersey Option,Away,Chair Size,Adult,"",,,5000,0,not stocked
chicago-blackhawks®,Chicago Blackhawks®,Chair Base Colour,White,Jersey Option,Away,Chair Size,Mini,"",,,5000,0,not stocked
boston-bruins,Boston Bruins,Chair Base Colour,Black,Jersey Option,Home,Chair Size,Adult,"",,,5000,0,not stocked
boston-bruins,Boston Bruins,Chair Base Colour,Black,Jersey Option,Home,Chair Size,Mini,"",,,5000,0,not stocked
boston-bruins,Boston Bruins,Chair Base Colour,Black,Jersey Option,Away,Chair Size,Adult,"",,,5000,0,not stocked
boston-bruins,Boston Bruins,Chair Base Colour,Black,Jersey Option,Away,Chair Size,Mini,"",,,5000,0,not stocked
kids-trouser,Kid's Trouser,Color,Blue,Age group,1-2 years,Fabric,Cotton,9030,,IN,5000,0,not stocked
kids-trouser,Kid's Trouser,Color,Blue,Age group,1-2 years,Fabric,Angora,9031,,IN,5000,0,not stocked
kids-trouser,Kid's Trouser,Color,Blue,Age group,6-12 months,Fabric,Polyester,9032,,IN,5000,0,not stocked
kids-trouser,Kid's Trouser,Color,Blue,Age group,6-12 months,Fabric,Cotton,9033,,IN,500,0,not stocked
kids-trouser,Kid's Trouser,Color,Blue,Age group,6-12 months,Fabric,Angora,9034,,IN,500,0,not stocked
kids-trouser,Kid's Trouser,Color,Blue,Age group,0-6 months,Fabric,Polyester,9035,,IN,500,0,not stocked
kids-trouser,Kid's Trouser,Color,Blue,Age group,0-6 months,Fabric,Cotton,9036,,IN,500,0,not stocked
kids-trouser,Kid's Trouser,Color,Blue,Age group,0-6 months,Fabric,Angora,9037,,IN,500,0,not stocked
kids-trouser,Kid's Trouser,Color,Black,Age group,1-2 years,Fabric,Polyester,9038,,IN,500,0,not stocked
kids-trouser,Kid's Trouser,Color,Black,Age group,1-2 years,Fabric,Cotton,9039,,IN,500,0,not stocked
kids-trouser,Kid's Trouser,Color,Black,Age group,1-2 years,Fabric,Angora,9040,,IN,500,0,not stocked
kids-trouser,Kid's Trouser,Color,Black,Age group,6-12 months,Fabric,Polyester,9041,,IN,500,0,not stocked
kids-trouser,Kid's Trouser,Color,Black,Age group,6-12 months,Fabric,Cotton,9042,,IN,500,0,not stocked
kids-trouser,Kid's Trouser,Color,Black,Age group,6-12 months,Fabric,Angora,9043,,IN,500,0,not stocked
kids-trouser,Kid's Trouser,Color,Black,Age group,0-6 months,Fabric,Polyester,9044,,IN,500,0,not stocked
kids-trouser,Kid's Trouser,Color,Black,Age group,0-6 months,Fabric,Cotton,9045,,IN,500,0,not stocked
kids-trouser,Kid's Trouser,Color,Black,Age group,0-6 months,Fabric,Angora,9046,,IN,500,0,not stocked
womens-watch,Women's watch,Band color,Beige,Watch material,Canvas,Case color,Yellow,900,,IN,500,0,not stocked
womens-watch,Women's watch,Band color,Beige,Watch material,Leather,Case color,Yellow,903,,IN,500,0,not stocked
womens-watch,Women's watch,Band color,Beige,Watch material,Mesh,Case color,Yellow,906,,IN,500,0,not stocked
womens-watch,Women's watch,Band color,Black,Watch material,Canvas,Case color,Yellow,909,,IN,500,0,not stocked
womens-watch,Women's watch,Band color,Black,Watch material,Leather,Case color,Yellow,912,,IN,500,0,not stocked
womens-watch,Women's watch,Band color,Black,Watch material,Mesh,Case color,Yellow,915,,IN,500,0,not stocked
womens-watch,Women's watch,Band color,Blue,Watch material,Canvas,Case color,Yellow,918,,IN,500,0,not stocked
womens-watch,Women's watch,Band color,Blue,Watch material,Leather,Case color,Yellow,921,,IN,500,0,not stocked
womens-watch,Women's watch,Band color,Blue,Watch material,Mesh,Case color,Yellow,924,,IN,500,0,not stocked
womens-suit,Women's suit,Color,Black,Size,L,Fabric,Cotton,600,,IN,500,30,not stocked
womens-suit,Women's suit,Color,Black,Size,L,Fabric,Bamboo,601,,IN,500,30,not stocked
womens-suit,Women's suit,Color,Black,Size,M,Fabric,Cotton,602,,IN,500,30,not stocked
womens-suit,Women's suit,Color,Black,Size,M,Fabric,Bamboo,603,,IN,500,30,not stocked
womens-suit,Women's suit,Color,Black,Size,XL,Fabric,Cotton,604,,IN,500,30,not stocked
womens-suit,Women's suit,Color,Black,Size,XL,Fabric,Bamboo,605,,IN,500,30,not stocked
womens-suit,Women's suit,Color,Green,Size,L,Fabric,Cotton,606,,IN,500,40,not stocked
womens-suit,Women's suit,Color,Green,Size,L,Fabric,Bamboo,607,,IN,500,40,not stocked
womens-suit,Women's suit,Color,Green,Size,M,Fabric,Cotton,608,,IN,500,40,not stocked
womens-suit,Women's suit,Color,Green,Size,M,Fabric,Bamboo,609,,IN,500,40,not stocked
womens-suit,Women's suit,Color,Green,Size,XL,Fabric,Cotton,610,,IN,500,40,not stocked
womens-suit,Women's suit,Color,Green,Size,XL,Fabric,Bamboo,611,,IN,500,40,not stocked
tttghfhgjkjl,tttghfhgjkjl,Title,Default Title,,,,,"",,,500,0,not stocked
shop-cfl,Shop CFL,Title,Default Title,,,,,"",,IN,500,0,not stocked
shop-ncaa,Shop NCAA,Title,Default Title,,,,,"",,,500,0,not stocked
shop-nhal,Shop NHAL,Title,Default Title,,,,,"",,,500,0,not stocked
shop-lifestyle,Shop LIFESTYLE,Title,Default Title,,,,,"",,,500,0,not stocked
nfl,NFL,Title,Default Title,,,,,"",,,500,0,not stocked
mlb,MLB,Title,Default Title,,,,,"",,,500,0,not stocked
shop-cfl-1,Shop CFL,Title,Default Title,,,,,"",,,500,0,not stocked
shop-nfl,Shop NFL,Title,Default Title,,,,,"",,,500,0,not stocked
shop-nhal-1,SHOP NHAL,Title,Default Title,,,,,"",,,500,0,not stocked
anaheim-ducks®,Anaheim Ducks®,Title,Default Title,,,,,"",,,5000,500,not stocked
boston-bruins®,Boston Bruins®,Title,Default Title,,,,,"",,,5000,500,not stocked
kids-tshirt,kids tshirt,Color,Yellow,Size,4,Age group,1-2 years,33,,IN,500,0,not stocked
kids-tshirt,kids tshirt,Color,Yellow,Size,6,Age group,0-6 months,34,,IN,500,0,not stocked
kids-tshirt,kids tshirt,Color,Yellow,Size,6,Age group,6-12 months,35,,IN,500,0,not stocked
kids-tshirt,kids tshirt,Color,Yellow,Size,6,Age group,1-2 years,36,,IN,500,0,not stocked
kids-tshirt-1,Kid's shirt,Age group,0-6 months,Color,Brown,Fabric,Cotton,126,,IN,5000,0,not stocked
kids-tshirt-1,Kid's shirt,Age group,0-6 months,Color,Brown,Fabric,Bamboo,127,,IN,5000,0,not stocked
kids-tshirt-1,Kid's shirt,Age group,0-6 months,Color,Brown,Fabric,Polyester,128,,IN,5000,0,not stocked
kids-tshirt-1,Kid's shirt,Age group,6-12 months,Color,Brown,Fabric,Cotton,135,,IN,5000,0,not stocked
kids-tshirt-1,Kid's shirt,Age group,6-12 months,Color,Brown,Fabric,Bamboo,136,,IN,5000,0,not stocked
kids-tshirt-1,Kid's shirt,Age group,6-12 months,Color,Brown,Fabric,Polyester,137,,IN,5000,0,not stocked
kids-tshirt-1,Kid's shirt,Age group,1-2 years,Color,Brown,Fabric,Cotton,144,,IN,5000,0,not stocked
kids-tshirt-1,Kid's shirt,Age group,1-2 years,Color,Brown,Fabric,Bamboo,145,,IN,5000,0,not stocked
kids-tshirt-1,Kid's shirt,Age group,1-2 years,Color,Brown,Fabric,Polyester,146,,IN,5000,0,not stocked
kids-cap,Kid's Cap,Color,Red,Fabric,Cotton,Age group,1-2 years,230,,IN,5000,0,not stocked
kids-cap,Kid's Cap,Color,Red,Fabric,Cotton,Age group,6-12 months,231,,IN,5000,0,not stocked
kids-cap,Kid's Cap,Color,Red,Fabric,Cotton,Age group,0-6 months,232,,IN,5000,0,not stocked
kids-cap,Kid's Cap,Color,Red,Fabric,Bamboo,Age group,1-2 years,233,,IN,5000,0,not stocked
kids-cap,Kid's Cap,Color,Red,Fabric,Bamboo,Age group,6-12 months,234,,IN,5000,0,not stocked
kids-cap,Kid's Cap,Color,Red,Fabric,Bamboo,Age group,0-6 months,235,,IN,5000,0,not stocked
kids-cap,Kid's Cap,Color,Red,Fabric,Polyester,Age group,1-2 years,236,,IN,5000,0,not stocked
kids-cap,Kid's Cap,Color,Red,Fabric,Polyester,Age group,6-12 months,237,,IN,5000,0,not stocked
kids-cap,Kid's Cap,Color,Red,Fabric,Polyester,Age group,0-6 months,238,,IN,5000,0,not stocked
kids-cap,Kid's Cap,Color,Green,Fabric,Cotton,Age group,1-2 years,239,,IN,5000,0,not stocked
kids-cap,Kid's Cap,Color,Green,Fabric,Cotton,Age group,6-12 months,240,,IN,5000,0,not stocked
kids-cap,Kid's Cap,Color,Green,Fabric,Cotton,Age group,0-6 months,241,,IN,5000,0,not stocked
kids-cap,Kid's Cap,Color,Green,Fabric,Bamboo,Age group,1-2 years,242,,IN,5000,0,not stocked
kids-cap,Kid's Cap,Color,Green,Fabric,Bamboo,Age group,6-12 months,243,,IN,5000,0,not stocked
kids-cap,Kid's Cap,Color,Green,Fabric,Bamboo,Age group,0-6 months,244,,IN,5000,0,not stocked
kids-cap,Kid's Cap,Color,Green,Fabric,Polyester,Age group,1-2 years,245,,IN,5000,0,not stocked
kids-cap,Kid's Cap,Color,Green,Fabric,Polyester,Age group,6-12 months,246,,IN,5000,0,not stocked
kids-cap,Kid's Cap,Color,Green,Fabric,Polyester,Age group,0-6 months,247,,IN,5000,0,not stocked
kids-cap,Kid's Cap,Color,Beige,Fabric,Cotton,Age group,1-2 years,248,,IN,5000,0,not stocked
kids-cap,Kid's Cap,Color,Beige,Fabric,Cotton,Age group,6-12 months,249,,IN,5000,0,not stocked
kids-cap,Kid's Cap,Color,Beige,Fabric,Cotton,Age group,0-6 months,250,,IN,5000,0,not stocked
kids-cap,Kid's Cap,Color,Beige,Fabric,Bamboo,Age group,1-2 years,251,,IN,5000,0,not stocked
kids-cap,Kid's Cap,Color,Beige,Fabric,Bamboo,Age group,6-12 months,252,,IN,5000,0,not stocked
kids-cap,Kid's Cap,Color,Beige,Fabric,Bamboo,Age group,0-6 months,253,,IN,5000,0,not stocked
kids-cap,Kid's Cap,Color,Beige,Fabric,Polyester,Age group,1-2 years,254,,IN,5000,0,not stocked
kids-cap,Kid's Cap,Color,Beige,Fabric,Polyester,Age group,6-12 months,255,,IN,5000,0,not stocked
kids-cap,Kid's Cap,Color,Beige,Fabric,Polyester,Age group,0-6 months,256,,IN,5000,0,not stocked
kids-trouser,Kid's Trouser,Color,Red,Age group,1-2 years,Fabric,Polyester,9020,,IN,5000,0,not stocked
kids-trouser,Kid's Trouser,Color,Red,Age group,1-2 years,Fabric,Cotton,9021,,IN,5000,0,not stocked
kids-trouser,Kid's Trouser,Color,Red,Age group,1-2 years,Fabric,Angora,9022,,IN,5000,0,not stocked
kids-trouser,Kid's Trouser,Color,Red,Age group,6-12 months,Fabric,Polyester,9023,,IN,5000,0,not stocked
kids-trouser,Kid's Trouser,Color,Red,Age group,6-12 months,Fabric,Cotton,9024,,IN,5000,0,not stocked
kids-trouser,Kid's Trouser,Color,Red,Age group,6-12 months,Fabric,Angora,9025,,IN,5000,0,not stocked
kids-trouser,Kid's Trouser,Color,Red,Age group,0-6 months,Fabric,Polyester,9026,,IN,5000,0,not stocked
kids-trouser,Kid's Trouser,Color,Red,Age group,0-6 months,Fabric,Cotton,9027,,IN,5000,0,not stocked
kids-trouser,Kid's Trouser,Color,Red,Age group,0-6 months,Fabric,Angora,9028,,IN,5000,0,not stocked
kids-trouser,Kid's Trouser,Color,Blue,Age group,1-2 years,Fabric,Polyester,9029,,IN,5000,0,not stocked
kids-shoes,kids shoes,Color,White,Shoe size,3.5,Footwear material,Cotton,29,,IN,500,0,not stocked
kids-shoes,kids shoes,Color,White,Shoe size,3.5,Footwear material,Canvas,30,,IN,500,0,not stocked
kids-shoes,kids shoes,Color,White,Shoe size,3.5,Footwear material,Fleece,31,,IN,500,0,not stocked
kids-shoes,kids shoes,Color,White,Shoe size,4,Footwear material,Cotton,32,,IN,500,0,not stocked
kids-shoes,kids shoes,Color,White,Shoe size,4,Footwear material,Canvas,33,,IN,500,0,not stocked
kids-shoes,kids shoes,Color,White,Shoe size,4,Footwear material,Fleece,34,,IN,500,0,not stocked
kids-shoes,kids shoes,Color,White,Shoe size,4.5,Footwear material,Cotton,35,,IN,500,0,not stocked
kids-shoes,kids shoes,Color,White,Shoe size,4.5,Footwear material,Canvas,36,,IN,500,0,not stocked
kids-shoes,kids shoes,Color,White,Shoe size,4.5,Footwear material,Fleece,37,,IN,500,0,not stocked
kids-shoes,kids shoes,Color,Purple,Shoe size,3.5,Footwear material,Cotton,38,,IN,500,0,not stocked
kids-shoes,kids shoes,Color,Purple,Shoe size,3.5,Footwear material,Canvas,39,,IN,500,0,not stocked
kids-shoes,kids shoes,Color,Purple,Shoe size,3.5,Footwear material,Fleece,40,,IN,500,0,not stocked
kids-shoes,kids shoes,Color,Purple,Shoe size,4,Footwear material,Cotton,41,,IN,500,0,not stocked
kids-shoes,kids shoes,Color,Purple,Shoe size,4,Footwear material,Canvas,42,,IN,500,0,not stocked
kids-shoes,kids shoes,Color,Purple,Shoe size,4,Footwear material,Fleece,43,,IN,500,0,not stocked
kids-shoes,kids shoes,Color,Purple,Shoe size,4.5,Footwear material,Cotton,44,,IN,500,0,not stocked
kids-shoes,kids shoes,Color,Purple,Shoe size,4.5,Footwear material,Canvas,45,,IN,500,0,not stocked
kids-shoes,kids shoes,Color,Purple,Shoe size,4.5,Footwear material,Fleece,46,,IN,500,0,not stocked
kids-tshirt,kids tshirt,Color,White,Size,S,Age group,0-6 months,1,,IN,500,0,not stocked
kids-tshirt,kids tshirt,Color,White,Size,S,Age group,6-12 months,2,,IN,500,0,not stocked
kids-tshirt,kids tshirt,Color,White,Size,S,Age group,1-2 years,3,,IN,500,0,not stocked
kids-tshirt,kids tshirt,Color,White,Size,2,Age group,0-6 months,4,,IN,500,0,not stocked
kids-tshirt,kids tshirt,Color,White,Size,2,Age group,6-12 months,5,,IN,500,0,not stocked
kids-tshirt,kids tshirt,Color,White,Size,2,Age group,1-2 years,6,,IN,500,0,not stocked
kids-tshirt,kids tshirt,Color,White,Size,4,Age group,0-6 months,7,,IN,500,0,not stocked
kids-tshirt,kids tshirt,Color,White,Size,4,Age group,6-12 months,8,,IN,500,0,not stocked
kids-tshirt,kids tshirt,Color,White,Size,4,Age group,1-2 years,9,,IN,500,0,not stocked
kids-tshirt,kids tshirt,Color,White,Size,6,Age group,0-6 months,10,,IN,500,0,not stocked
kids-tshirt,kids tshirt,Color,White,Size,6,Age group,6-12 months,11,,IN,500,0,not stocked
kids-tshirt,kids tshirt,Color,White,Size,6,Age group,1-2 years,12,,IN,500,0,not stocked
kids-tshirt,kids tshirt,Color,Blue,Size,S,Age group,0-6 months,13,,IN,500,0,not stocked
kids-tshirt,kids tshirt,Color,Blue,Size,S,Age group,6-12 months,14,,IN,500,0,not stocked
kids-tshirt,kids tshirt,Color,Blue,Size,S,Age group,1-2 years,15,,IN,500,0,not stocked
kids-tshirt,kids tshirt,Color,Blue,Size,2,Age group,0-6 months,16,,IN,500,0,not stocked
kids-tshirt,kids tshirt,Color,Blue,Size,2,Age group,6-12 months,17,,IN,500,0,not stocked
kids-tshirt,kids tshirt,Color,Blue,Size,2,Age group,1-2 years,18,,IN,500,0,not stocked
kids-tshirt,kids tshirt,Color,Blue,Size,4,Age group,0-6 months,19,,IN,500,0,not stocked
kids-tshirt,kids tshirt,Color,Blue,Size,4,Age group,6-12 months,20,,IN,500,0,not stocked
kids-tshirt,kids tshirt,Color,Blue,Size,4,Age group,1-2 years,21,,IN,500,0,not stocked
kids-tshirt,kids tshirt,Color,Blue,Size,6,Age group,0-6 months,22,,IN,500,0,not stocked
kids-tshirt,kids tshirt,Color,Blue,Size,6,Age group,6-12 months,23,,IN,500,0,not stocked
kids-tshirt,kids tshirt,Color,Blue,Size,6,Age group,1-2 years,24,,IN,500,0,not stocked
kids-tshirt,kids tshirt,Color,Yellow,Size,S,Age group,0-6 months,25,,IN,500,0,not stocked
kids-tshirt,kids tshirt,Color,Yellow,Size,S,Age group,6-12 months,26,,IN,500,0,not stocked
kids-tshirt,kids tshirt,Color,Yellow,Size,S,Age group,1-2 years,27,,IN,500,0,not stocked
kids-tshirt,kids tshirt,Color,Yellow,Size,2,Age group,0-6 months,28,,IN,500,0,not stocked
kids-tshirt,kids tshirt,Color,Yellow,Size,2,Age group,6-12 months,29,,IN,500,0,not stocked
kids-tshirt,kids tshirt,Color,Yellow,Size,2,Age group,1-2 years,30,,IN,500,0,not stocked
kids-tshirt,kids tshirt,Color,Yellow,Size,4,Age group,0-6 months,31,,IN,500,0,not stocked
kids-tshirt,kids tshirt,Color,Yellow,Size,4,Age group,6-12 months,32,,IN,500,0,not stocked
womens-shoes,Women's Shoes,Color,Black,Shoe size,S,Age group,Teens,105,,,1500,0,not stocked
womens-shoes,Women's Shoes,Color,Black,Shoe size,S,Age group,Adults,106,,,1500,0,not stocked
womens-shoes,Women's Shoes,Color,Purple,Shoe size,L,Age group,Kids,107,,,1500,0,not stocked
womens-shoes,Women's Shoes,Color,Purple,Shoe size,L,Age group,Teens,108,,,1500,0,not stocked
womens-shoes,Women's Shoes,Color,Purple,Shoe size,L,Age group,Adults,109,,,1500,0,not stocked
womens-shoes,Women's Shoes,Color,Purple,Shoe size,M,Age group,Kids,110,,,1000,0,not stocked
womens-shoes,Women's Shoes,Color,Purple,Shoe size,M,Age group,Teens,111,,,1000,0,not stocked
womens-shoes,Women's Shoes,Color,Purple,Shoe size,M,Age group,Adults,112,,,1000,0,not stocked
womens-shoes,Women's Shoes,Color,Purple,Shoe size,S,Age group,Kids,113,,,1000,0,not stocked
womens-shoes,Women's Shoes,Color,Purple,Shoe size,S,Age group,Teens,114,,,1000,0,not stocked
womens-shoes,Women's Shoes,Color,Purple,Shoe size,S,Age group,Adults,115,,,1000,0,not stocked
womens-shirt,Women's Shirt,Color,White,Fabric,Cotton,Size,M,290,,IN,1473,0,not stocked
womens-shirt,Women's Shirt,Color,White,Fabric,Cotton,Size,S,291,,IN,1500,0,not stocked
womens-shirt,Women's Shirt,Color,White,Fabric,Polyester,Size,M,292,,IN,1499,0,not stocked
womens-shirt,Women's Shirt,Color,White,Fabric,Polyester,Size,S,293,,IN,1500,0,not stocked
womens-shirt,Women's Shirt,Color,White,Fabric,Bamboo,Size,M,294,,IN,1500,0,not stocked
womens-shirt,Women's Shirt,Color,White,Fabric,Bamboo,Size,S,295,,IN,1500,0,not stocked
womens-shirt,Women's Shirt,Color,Green,Fabric,Cotton,Size,M,296,,IN,1499,0,not stocked
womens-shirt,Women's Shirt,Color,Green,Fabric,Cotton,Size,S,297,,IN,1500,0,not stocked
womens-shirt,Women's Shirt,Color,Green,Fabric,Polyester,Size,M,298,,IN,1499,0,not stocked
womens-shirt,Women's Shirt,Color,Green,Fabric,Polyester,Size,S,299,,IN,1500,0,not stocked
womens-shirt,Women's Shirt,Color,Green,Fabric,Bamboo,Size,M,300,,IN,1500,0,not stocked
womens-shirt,Women's Shirt,Color,Green,Fabric,Bamboo,Size,S,301,,IN,1500,0,not stocked
womens-shirt,Women's Shirt,Color,Blue,Fabric,Cotton,Size,M,302,,IN,1499,0,not stocked
womens-shirt,Women's Shirt,Color,Blue,Fabric,Cotton,Size,S,303,,IN,1500,0,not stocked
womens-shirt,Women's Shirt,Color,Blue,Fabric,Polyester,Size,M,304,,IN,1499,0,not stocked
womens-shirt,Women's Shirt,Color,Blue,Fabric,Polyester,Size,S,305,,IN,1500,0,not stocked
womens-shirt,Women's Shirt,Color,Blue,Fabric,Bamboo,Size,M,306,,IN,1500,0,not stocked
womens-shirt,Women's Shirt,Color,Blue,Fabric,Bamboo,Size,S,307,,IN,1500,0,not stocked
kids-brush,kids brush,Color,Blue,Age group,1-2 years,Material,Rubber,50,,IN,496,0,not stocked
kids-brush,kids brush,Color,Blue,Age group,1-2 years,Material,plastic,51,,IN,500,0,not stocked
kids-brush,kids brush,Color,Blue,Age group,6-12 months,Material,Rubber,52,,IN,500,0,not stocked
kids-brush,kids brush,Color,Blue,Age group,6-12 months,Material,plastic,53,,IN,500,0,not stocked
kids-brush,kids brush,Color,Purple,Age group,1-2 years,Material,Rubber,54,,IN,500,0,not stocked
kids-brush,kids brush,Color,Purple,Age group,1-2 years,Material,plastic,55,,IN,500,0,not stocked
kids-brush,kids brush,Color,Purple,Age group,6-12 months,Material,Rubber,56,,IN,500,0,not stocked
kids-brush,kids brush,Color,Purple,Age group,6-12 months,Material,plastic,57,,IN,500,0,not stocked
kids-brush,kids brush,Color,Yellow,Age group,1-2 years,Material,Rubber,58,,IN,500,0,not stocked
kids-brush,kids brush,Color,Yellow,Age group,1-2 years,Material,plastic,59,,IN,500,0,not stocked
kids-brush,kids brush,Color,Yellow,Age group,6-12 months,Material,Rubber,60,,IN,500,0,not stocked
kids-brush,kids brush,Color,Yellow,Age group,6-12 months,Material,plastic,61,,IN,500,0,not stocked
kids-shoes,kids shoes,Color,Pink,Shoe size,3.5,Footwear material,Cotton,20,,IN,500,0,not stocked
kids-shoes,kids shoes,Color,Pink,Shoe size,3.5,Footwear material,Canvas,21,,IN,500,0,not stocked
kids-shoes,kids shoes,Color,Pink,Shoe size,3.5,Footwear material,Fleece,22,,IN,500,0,not stocked
kids-shoes,kids shoes,Color,Pink,Shoe size,4,Footwear material,Cotton,23,,IN,500,0,not stocked
kids-shoes,kids shoes,Color,Pink,Shoe size,4,Footwear material,Canvas,24,,IN,500,0,not stocked
kids-shoes,kids shoes,Color,Pink,Shoe size,4,Footwear material,Fleece,25,,IN,500,0,not stocked
kids-shoes,kids shoes,Color,Pink,Shoe size,4.5,Footwear material,Cotton,26,,IN,500,0,not stocked
kids-shoes,kids shoes,Color,Pink,Shoe size,4.5,Footwear material,Canvas,27,,IN,500,0,not stocked
kids-shoes,kids shoes,Color,Pink,Shoe size,4.5,Footwear material,Fleece,28,,IN,500,0,not stocked
mens-cap,Men's Cap,Color,Blue,Accessory size,M,Fabric,Faux leather,182,,,500,0,not stocked
mens-cap,Men's Cap,Color,Blue,Accessory size,L,Fabric,Polyester,183,,,500,0,not stocked
mens-cap,Men's Cap,Color,Blue,Accessory size,L,Fabric,Cotton,184,,,500,0,not stocked
mens-cap,Men's Cap,Color,Blue,Accessory size,L,Fabric,Faux leather,185,,,500,0,not stocked
mens-cap,Men's Cap,Color,Black,Accessory size,M,Fabric,Polyester,186,,,500,0,not stocked
mens-cap,Men's Cap,Color,Black,Accessory size,M,Fabric,Cotton,187,,,500,0,not stocked
mens-cap,Men's Cap,Color,Black,Accessory size,M,Fabric,Faux leather,188,,,500,0,not stocked
mens-cap,Men's Cap,Color,Black,Accessory size,L,Fabric,Polyester,189,,,500,0,not stocked
mens-cap,Men's Cap,Color,Black,Accessory size,L,Fabric,Cotton,190,,,500,0,not stocked
mens-cap,Men's Cap,Color,Black,Accessory size,L,Fabric,Faux leather,191,,,500,0,not stocked
mens-cap,Men's Cap,Color,Red,Accessory size,M,Fabric,Polyester,192,,,500,0,not stocked
mens-cap,Men's Cap,Color,Red,Accessory size,M,Fabric,Cotton,193,,,500,0,not stocked
mens-cap,Men's Cap,Color,Red,Accessory size,M,Fabric,Faux leather,194,,,500,0,not stocked
mens-cap,Men's Cap,Color,Red,Accessory size,L,Fabric,Polyester,195,,,500,0,not stocked
mens-cap,Men's Cap,Color,Red,Accessory size,L,Fabric,Cotton,196,,,500,0,not stocked
mens-cap,Men's Cap,Color,Red,Accessory size,L,Fabric,Faux leather,197,,,500,0,not stocked
womens-cap,Women's Cap,Color,Black,Accessory size,L,Fabric,Polyester,250,,,500,0,not stocked
womens-cap,Women's Cap,Color,Black,Accessory size,L,Fabric,Cotton,251,,,500,0,not stocked
womens-cap,Women's Cap,Color,Black,Accessory size,M,Fabric,Polyester,252,,,500,0,not stocked
womens-cap,Women's Cap,Color,Black,Accessory size,M,Fabric,Cotton,253,,,500,0,not stocked
womens-cap,Women's Cap,Color,Black,Accessory size,S,Fabric,Polyester,254,,,500,0,not stocked
womens-cap,Women's Cap,Color,Black,Accessory size,S,Fabric,Cotton,255,,,500,0,not stocked
womens-cap,Women's Cap,Color,Brown,Accessory size,L,Fabric,Polyester,256,,,500,0,not stocked
womens-cap,Women's Cap,Color,Brown,Accessory size,L,Fabric,Cotton,257,,,1500,0,not stocked
womens-cap,Women's Cap,Color,Brown,Accessory size,M,Fabric,Polyester,258,,,1500,0,not stocked
womens-cap,Women's Cap,Color,Brown,Accessory size,M,Fabric,Cotton,259,,,1500,0,not stocked
womens-cap,Women's Cap,Color,Brown,Accessory size,S,Fabric,Polyester,260,,,1500,0,not stocked
womens-cap,Women's Cap,Color,Brown,Accessory size,S,Fabric,Cotton,261,,,1500,0,not stocked
womens-cap,Women's Cap,Color,Red,Accessory size,L,Fabric,Polyester,262,,,1500,0,not stocked
womens-cap,Women's Cap,Color,Red,Accessory size,L,Fabric,Cotton,263,,,1500,0,not stocked
womens-cap,Women's Cap,Color,Red,Accessory size,M,Fabric,Polyester,264,,,1500,0,not stocked
womens-cap,Women's Cap,Color,Red,Accessory size,M,Fabric,Cotton,265,,,1500,0,not stocked
womens-cap,Women's Cap,Color,Red,Accessory size,S,Fabric,Polyester,266,,,1500,0,not stocked
womens-cap,Women's Cap,Color,Red,Accessory size,S,Fabric,Cotton,267,,,1500,0,not stocked
womens-shoes,Women's Shoes,Color,Brown,Shoe size,L,Age group,Kids,89,,,1500,0,not stocked
womens-shoes,Women's Shoes,Color,Brown,Shoe size,L,Age group,Teens,90,,,1500,0,not stocked
womens-shoes,Women's Shoes,Color,Brown,Shoe size,L,Age group,Adults,91,,,1500,0,not stocked
womens-shoes,Women's Shoes,Color,Brown,Shoe size,M,Age group,Kids,92,,,1500,0,not stocked
womens-shoes,Women's Shoes,Color,Brown,Shoe size,M,Age group,Teens,93,,,1500,0,not stocked
womens-shoes,Women's Shoes,Color,Brown,Shoe size,M,Age group,Adults,94,,,1500,0,not stocked
womens-shoes,Women's Shoes,Color,Brown,Shoe size,S,Age group,Kids,95,,,1500,0,not stocked
womens-shoes,Women's Shoes,Color,Brown,Shoe size,S,Age group,Teens,96,,,1500,0,not stocked
womens-shoes,Women's Shoes,Color,Brown,Shoe size,S,Age group,Adults,97,,,1500,0,not stocked
womens-shoes,Women's Shoes,Color,Black,Shoe size,L,Age group,Kids,98,,,1500,0,not stocked
womens-shoes,Women's Shoes,Color,Black,Shoe size,L,Age group,Teens,99,,,1500,0,not stocked
womens-shoes,Women's Shoes,Color,Black,Shoe size,L,Age group,Adults,100,,,1500,0,not stocked
womens-shoes,Women's Shoes,Color,Black,Shoe size,M,Age group,Kids,101,,,1500,0,not stocked
womens-shoes,Women's Shoes,Color,Black,Shoe size,M,Age group,Teens,102,,,1500,0,not stocked
womens-shoes,Women's Shoes,Color,Black,Shoe size,M,Age group,Adults,103,,,1500,0,not stocked
womens-shoes,Women's Shoes,Color,Black,Shoe size,S,Age group,Kids,104,,,1500,0,not stocked
mens-tshirt,mens tshirt,Color,Blue,Size,XL,brand,aaa,1045,,,1000,0,not stocked
mens-tshirt,mens tshirt,Color,Blue,Size,M,brand,A+,1046,,,1000,0,not stocked
mens-tshirt,mens tshirt,Color,Blue,Size,M,brand,aaa,1047,,,1000,0,not stocked
mens-tshirt,mens tshirt,Color,White,Size,L,brand,A+,1050,,,1000,0,not stocked
mens-tshirt,mens tshirt,Color,White,Size,L,brand,aaa,1051,,,1000,0,not stocked
mens-tshirt,mens tshirt,Color,White,Size,XL,brand,A+,1052,,,1000,0,not stocked
mens-tshirt,mens tshirt,Color,White,Size,XL,brand,aaa,1053,,,1000,0,not stocked
mens-tshirt,mens tshirt,Color,White,Size,M,brand,A+,1054,,,1000,0,not stocked
mens-tshirt,mens tshirt,Color,White,Size,M,brand,aaa,1055,,,1000,0,not stocked
mens-tshirt,mens tshirt,Color,Black,Size,L,brand,A+,1058,,,1000,0,not stocked
mens-tshirt,mens tshirt,Color,Black,Size,L,brand,aaa,1059,,,1000,0,not stocked
mens-tshirt,mens tshirt,Color,Black,Size,XL,brand,A+,1060,,,1000,0,not stocked
mens-tshirt,mens tshirt,Color,Black,Size,XL,brand,aaa,1061,,,1000,0,not stocked
mens-tshirt,mens tshirt,Color,Black,Size,M,brand,A+,1062,,,1000,0,not stocked
mens-tshirt,mens tshirt,Color,Black,Size,M,brand,aaa,1063,,,1000,0,not stocked
mens-watch,Men's Watch,Band color,Blue,Age group,Adults,brand,fastrack,1080,,,1000,0,not stocked
mens-watch,Men's Watch,Band color,Blue,Age group,Teens,brand,fastrack,1081,,,1000,0,not stocked
mens-watch,Men's Watch,Band color,Black,Age group,Adults,brand,fastrack,1082,,,1000,0,not stocked
mens-watch,Men's Watch,Band color,Black,Age group,Teens,brand,fastrack,1083,,,1000,0,not stocked
mens-watch,Men's Watch,Band color,Brown,Age group,Adults,brand,fastrack,1084,,,996,0,not stocked
mens-watch,Men's Watch,Band color,Brown,Age group,Teens,brand,fastrack,1085,,,1000,0,not stocked
mens-trouser,Men's Trouser,Color,Green,Size,XL,Fabric,Cotton,1120,,,973,0,not stocked
mens-trouser,Men's Trouser,Color,Green,Size,XL,Fabric,Angora,1121,,,1000,0,not stocked
mens-trouser,Men's Trouser,Color,Green,Size,XL,Fabric,Bamboo,1122,,,1000,0,not stocked
mens-trouser,Men's Trouser,Color,Green,Size,L,Fabric,Cotton,1123,,,1000,0,not stocked
mens-trouser,Men's Trouser,Color,Green,Size,L,Fabric,Angora,1124,,,1000,0,not stocked
mens-trouser,Men's Trouser,Color,Green,Size,L,Fabric,Bamboo,1125,,,1000,0,not stocked
mens-trouser,Men's Trouser,Color,Green,Size,M,Fabric,Cotton,1126,,,1000,0,not stocked
mens-trouser,Men's Trouser,Color,Green,Size,M,Fabric,Angora,1127,,,1000,0,not stocked
mens-trouser,Men's Trouser,Color,Green,Size,M,Fabric,Bamboo,1128,,,1000,0,not stocked
mens-trouser,Men's Trouser,Color,Black,Size,XL,Fabric,Cotton,1129,,,1000,0,not stocked
mens-trouser,Men's Trouser,Color,Black,Size,XL,Fabric,Angora,1130,,,1000,0,not stocked
mens-trouser,Men's Trouser,Color,Black,Size,XL,Fabric,Bamboo,1131,,,1000,0,not stocked
mens-trouser,Men's Trouser,Color,Black,Size,L,Fabric,Cotton,1132,,,1000,0,not stocked
mens-trouser,Men's Trouser,Color,Black,Size,L,Fabric,Angora,1133,,,1000,0,not stocked
mens-trouser,Men's Trouser,Color,Black,Size,L,Fabric,Bamboo,1134,,,1000,0,not stocked
mens-trouser,Men's Trouser,Color,Black,Size,M,Fabric,Cotton,1135,,,1000,0,not stocked
mens-trouser,Men's Trouser,Color,Black,Size,M,Fabric,Angora,1136,,,1000,0,not stocked
mens-trouser,Men's Trouser,Color,Black,Size,M,Fabric,Bamboo,1137,,,1000,0,not stocked
mens-trouser,Men's Trouser,Color,Brown,Size,XL,Fabric,Cotton,1138,,,1000,0,not stocked
mens-trouser,Men's Trouser,Color,Brown,Size,XL,Fabric,Angora,1139,,,1000,0,not stocked
mens-trouser,Men's Trouser,Color,Brown,Size,XL,Fabric,Bamboo,1140,,,1000,0,not stocked
mens-trouser,Men's Trouser,Color,Brown,Size,L,Fabric,Cotton,1141,,,1000,0,not stocked
mens-trouser,Men's Trouser,Color,Brown,Size,L,Fabric,Angora,1142,,,1000,0,not stocked
mens-trouser,Men's Trouser,Color,Brown,Size,L,Fabric,Bamboo,1143,,,1000,0,not stocked
mens-trouser,Men's Trouser,Color,Brown,Size,M,Fabric,Cotton,1144,,,1000,0,not stocked
mens-trouser,Men's Trouser,Color,Brown,Size,M,Fabric,Angora,1145,,,1000,0,not stocked
mens-trouser,Men's Trouser,Color,Brown,Size,M,Fabric,Bamboo,1146,,,1000,0,not stocked
mens-cap,Men's Cap,Color,Blue,Accessory size,M,Fabric,Polyester,180,,,499,0,not stocked
mens-cap,Men's Cap,Color,Blue,Accessory size,M,Fabric,Cotton,181,,,500,0,not stocked
the-minimal-snowboard,The Minimal Snowboard,Title,Default Title,,,,,"",,,1000,not stocked,not stocked
the-out-of-stock-snowboard,The Out of Stock Snowboard,Title,Default Title,,,,,"",,,1000,not stocked,not stocked
the-collection-snowboard-hydrogen,The Collection Snowboard: Hydrogen,Title,Default Title,,,,,"",,,1000,not stocked,not stocked
the-compare-at-price-snowboard,The Compare at Price Snowboard,Title,Default Title,,,,,"",,,1000,not stocked,not stocked
the-complete-snowboard,The Complete Snowboard,Color,Ice,,,,,"",,,1000,not stocked,not stocked
the-hidden-snowboard,The Hidden Snowboard,Title,Default Title,,,,,"",,,1000,not stocked,not stocked
the-draft-snowboard,The Draft Snowboard,Title,Default Title,,,,,"",,,1000,not stocked,not stocked
the-complete-snowboard,The Complete Snowboard,Color,Dawn,,,,,"",,,1000,not stocked,not stocked
the-complete-snowboard,The Complete Snowboard,Color,Powder,,,,,"",,,1000,not stocked,not stocked
the-complete-snowboard,The Complete Snowboard,Color,Electric,,,,,"",,,1000,not stocked,not stocked
the-complete-snowboard,The Complete Snowboard,Color,Sunset,,,,,"",,,1000,not stocked,not stocked
the-videographer-snowboard,The Videographer Snowboard,Title,Default Title,,,,,"",,,1000,not stocked,not stocked
the-archived-snowboard,The Archived Snowboard,Title,Default Title,,,,,"",,,1000,not stocked,not stocked
selling-plans-ski-wax,Selling Plans Ski Wax,Title,Selling Plans Ski Wax,,,,,"",,,1000,not stocked,not stocked
selling-plans-ski-wax,Selling Plans Ski Wax,Title,Special Selling Plans Ski Wax,,,,,"",,,1000,not stocked,not stocked
selling-plans-ski-wax,Selling Plans Ski Wax,Title,Sample Selling Plans Ski Wax,,,,,"",,,1000,not stocked,not stocked
the-multi-location-snowboard,The Multi-location Snowboard,Title,Default Title,,,,,"",,,1000,50,not stocked
the-collection-snowboard-oxygen,The Collection Snowboard: Oxygen,Title,Default Title,,,,,"",,,1000,not stocked,not stocked
the-multi-managed-snowboard,The Multi-managed Snowboard,Title,Default Title,,,,,sku-managed-1,,,1000,not stocked,50
the-3p-fulfilled-snowboard,The 3p Fulfilled Snowboard,Title,Default Title,,,,,sku-hosted-1,,,not stocked,not stocked,20
the-collection-snowboard-liquid,The Collection Snowboard: Liquid,Title,Default Title,,,,,"",,,1000,not stocked,not stocked
bat,bat,Title,Default Title,,,,,500,,,5000,0,not stocked
mens-shirt,mens shirt,Color,Blue,Size,S,brand,cotton,101,,,1000,0,not stocked
mens-shirt,mens shirt,Color,Blue,Size,M,brand,cotton,102,,,1000,0,not stocked
mens-shirt,mens shirt,Color,Blue,Size,L,brand,cotton,103,,,1000,0,not stocked
mens-shirt,mens shirt,Color,Blue,Size,XL,brand,cotton,104,,,1000,0,not stocked
mens-shirt,mens shirt,Color,Blue,Size,2XL,brand,cotton,105,,,1000,0,not stocked
mens-shirt,mens shirt,Color,Green,Size,S,brand,cotton,106,,,1000,0,not stocked
mens-shirt,mens shirt,Color,Green,Size,M,brand,cotton,107,,,1000,0,not stocked
mens-shirt,mens shirt,Color,Green,Size,L,brand,cotton,108,,,1000,0,not stocked
mens-shirt,mens shirt,Color,Green,Size,XL,brand,cotton,109,,,1000,0,not stocked
mens-shirt,mens shirt,Color,Green,Size,2XL,brand,cotton,110,,,1000,0,not stocked
mens-shirt,mens shirt,Color,Black,Size,S,brand,cotton,111,,,1500,0,not stocked
mens-shirt,mens shirt,Color,Black,Size,M,brand,cotton,112,,,1500,0,not stocked
mens-shirt,mens shirt,Color,Black,Size,L,brand,cotton,113,,,1500,0,not stocked
mens-shirt,mens shirt,Color,Black,Size,XL,brand,cotton,114,,,1500,0,not stocked
mens-shirt,mens shirt,Color,Black,Size,2XL,brand,cotton,115,,,1000,0,not stocked
mens-tshirt,mens tshirt,Color,Blue,Size,L,brand,A+,1042,,,1000,0,not stocked
mens-tshirt,mens tshirt,Color,Blue,Size,L,brand,aaa,1043,,,1000,0,not stocked
mens-tshirt,mens tshirt,Color,Blue,Size,XL,brand,A+,1044,,,1000,0,not stocked
